Income,Age,Loan_Amount,Months_Employed,Num_Credit_Lines,Interest_Rate,Loan_Term_Months,DTi_Ratio,Payment_History,Creditworthy
57450,47,9670,53,8,15.86,24,0.3,0,1
47926,48,12253,36,12,10.2,36,0.38,0,1
59715,55,7846,90,10,16.75,36,0.42,0,1
72845,28,9269,91,12,10.23,12,0.59,0,1
46487,52,10647,39,10,24.7,12,0.13,0,1
46487,25,8491,33,1,11.19,12,0.31,2,1
73688,20,2397,95,9,9.84,24,0.22,0,1
61511,31,8830,78,11,10.57,48,0.34,0,1
42957,30,2917,107,7,22.93,36,0.56,1,1
58138,62,13265,16,10,17.72,60,0.46,0,0
43048,49,1000,32,13,19.61,12,0.43,0,1
43014,51,15143,46,9,23.36,24,0.32,0,1
53629,62,12147,109,12,23.24,24,0.44,0,1
21300,36,12166,51,8,19.78,24,0.12,0,1
24126,55,1000,117,0,8.96,60,0.39,0,1
41565,33,8357,79,6,21.87,60,0.38,0,1
34807,19,15767,92,7,9.08,12,0.27,3,0
54713,57,7406,8,2,19.86,60,0.2,1,1
36379,34,4609,32,13,18.71,12,0.5,0,1
28815,51,6816,59,3,20.18,60,0.13,1,1
71984,59,9658,112,12,15.65,60,0.13,0,1
46613,33,5743,92,2,17.77,60,0.32,0,1
51012,55,16169,76,6,24.07,12,0.23,0,1
28628,19,9676,20,8,7.02,36,0.47,0,0
41834,19,7222,57,2,11.18,12,0.42,1,1
51663,43,3493,84,12,17.23,36,0.49,0,1
32735,30,12422,68,5,24.28,24,0.26,0,0
55635,64,12308,9,7,6.91,24,0.47,0,1
40990,48,6038,5,5,5.45,12,0.53,0,1
45624,51,1000,119,1,6.11,36,0.27,0,1
40974,56,12053,114,12,6.05,36,0.27,1,1
77784,20,9065,12,6,23.16,36,0.55,3,0
49797,25,11680,64,1,19.43,24,0.12,0,1
34134,40,19785,19,1,18.54,12,0.28,0,0
62338,31,9865,56,1,15.45,48,0.16,0,1
31687,44,7430,110,10,20.64,36,0.11,1,1
53132,46,4263,45,14,8.11,36,0.16,0,1
20604,56,8437,7,0,12.84,48,0.32,0,1
30077,56,10802,9,13,14.8,12,0.44,1,1
52952,18,10266,72,10,7.21,36,0.24,0,1
61076,34,18617,112,0,13.39,12,0.52,0,1
52570,58,12495,104,13,11.33,36,0.32,0,1
48265,47,9325,66,6,5.71,60,0.58,0,1
45483,30,6467,10,14,7.73,36,0.58,0,1
27822,38,11333,11,12,20.28,60,0.49,0,1
39202,36,5464,9,13,5.36,12,0.57,0,1
43090,36,10899,24,13,23.69,36,0.45,0,1
65856,42,12437,48,14,6.73,24,0.55,2,1
55154,39,8917,48,13,20.98,24,0.22,0,1
23554,48,6848,88,11,22.97,48,0.27,1,1
54861,34,1000,10,4,23.82,24,0.48,0,1
44223,40,15719,61,10,22.35,60,0.31,0,0
39846,49,12016,117,2,10.75,24,0.52,0,1
59175,27,12138,35,0,11.66,24,0.54,0,1
65464,27,2193,38,10,13.53,24,0.25,0,1
63969,53,16899,52,9,7.79,36,0.51,0,1
37411,25,7673,89,5,5.45,48,0.18,0,1
45361,69,8556,77,10,22.38,12,0.27,0,1
54968,37,4653,102,0,16.08,48,0.36,3,1
64633,49,1065,55,8,17.17,60,0.21,0,1
42812,67,15786,103,1,23.54,36,0.39,0,1
47215,31,16432,0,0,18.3,36,0.39,0,1
33404,67,9172,55,14,18.82,24,0.2,0,1
32056,45,6603,117,11,20.74,24,0.5,1,1
62187,63,8114,3,6,7.33,60,0.42,0,1
70343,69,8251,29,5,12.2,36,0.26,0,1
48919,41,4000,11,5,24.36,12,0.22,0,1
65052,32,8538,119,13,23.46,48,0.54,1,1
55424,39,10765,34,4,22.68,36,0.52,0,1
40323,47,15090,76,10,14.04,12,0.21,0,1
55420,21,10071,51,3,22.14,12,0.12,0,1
73070,30,2118,30,10,5.97,48,0.5,0,1
49462,40,11767,101,3,7.97,12,0.41,0,1
73469,25,8720,106,2,13.28,60,0.15,2,1
10703,35,16852,86,9,14.67,12,0.39,1,0
62328,29,17147,67,7,10.27,60,0.33,0,1
51305,48,17322,51,6,12.13,12,0.49,0,1
45514,31,7192,79,8,8.26,24,0.2,0,1
51376,51,19949,6,0,14.78,12,0.33,0,1
20186,35,11754,21,6,20.88,60,0.18,0,1
46704,51,18131,92,9,18.23,12,0.58,0,1
55356,28,7486,74,3,7.16,12,0.49,3,0
72168,58,8507,55,6,14.75,12,0.47,0,1
42225,29,11370,96,12,18.95,60,0.45,2,0
37872,66,10759,57,11,15.6,12,0.31,0,1
42473,32,16274,92,0,12.83,48,0.56,0,1
63731,48,8839,63,4,17.44,48,0.14,0,1
54931,66,15823,102,2,24.37,60,0.5,1,1
42053,46,13661,11,4,6.9,24,0.21,0,1
57699,43,8933,6,3,12.8,48,0.26,1,1
51456,35,13273,54,1,13.13,36,0.36,1,1
64529,49,7633,102,10,16.54,48,0.49,0,1
39469,39,21751,105,3,8.04,36,0.52,0,1
45085,55,1000,61,2,8.53,60,0.39,1,1
44118,34,13364,111,12,10.71,24,0.3,0,1
28047,40,1177,89,0,24.12,36,0.57,0,1
54441,41,8871,103,11,19.68,36,0.22,0,1
53915,67,9571,72,9,18.23,48,0.5,2,1
50076,25,17538,104,7,21.34,36,0.41,0,1
46481,58,6539,97,14,7.55,60,0.29,2,1
28769,23,16540,108,4,22.19,60,0.1,0,1
43690,22,4105,76,3,16.9,60,0.32,0,1
44859,61,16733,54,9,11.71,48,0.24,0,1
37965,46,7628,118,11,21.32,24,0.15,0,1
47580,45,10367,35,4,21.05,48,0.14,1,1
56060,28,8318,88,3,21.91,60,0.27,2,1
78292,18,16411,23,2,7.31,48,0.41,1,1
52618,60,15438,43,4,24.39,60,0.52,3,0
53863,36,12217,16,3,24.19,12,0.19,0,1
48883,26,4240,1,14,12.15,12,0.31,0,1
21218,44,6424,12,0,6.32,36,0.3,0,1
49602,51,4857,30,11,8.34,24,0.36,1,1
50903,61,1000,92,2,24.86,12,0.5,0,1
86948,21,16306,113,9,16.26,60,0.38,3,1
47114,53,8360,27,14,12.13,48,0.52,0,1
54523,35,8307,59,9,10.76,48,0.36,3,0
49479,32,17480,26,7,10.14,36,0.4,0,1
32469,68,7620,14,6,18.28,48,0.32,0,1
67142,30,5797,94,1,13.39,12,0.51,1,1
61278,36,8876,103,0,24.31,48,0.56,1,1
61865,66,4336,78,2,18.68,12,0.42,0,1
36359,23,11721,32,4,20.84,12,0.51,2,0
71041,65,8131,19,9,10.85,24,0.13,2,0
28972,29,7463,41,14,6.58,36,0.55,0,1
58802,68,7030,11,10,14.76,60,0.19,0,1
82856,54,9468,100,11,11.29,12,0.23,0,1
35141,34,10417,72,0,9.04,36,0.13,0,1
41505,40,7400,22,2,24.05,60,0.58,1,0
51494,43,8206,71,2,13.88,48,0.53,0,1
42447,46,9592,95,4,8.49,36,0.56,0,1
26740,50,9087,111,2,8.97,36,0.52,0,1
51028,44,10155,13,12,10.61,36,0.34,0,1
34065,42,6616,90,8,24.99,48,0.56,0,1
57103,27,15022,24,0,10.36,48,0.58,0,0
36208,64,10484,76,3,11.58,36,0.35,0,1
73249,40,7480,118,12,18.19,24,0.19,0,1
38251,38,11721,84,12,10.88,12,0.43,3,0
45169,38,9628,108,9,9.32,48,0.59,0,1
62202,60,1330,30,9,8.17,24,0.54,0,1
31537,30,11704,100,3,11.25,48,0.53,0,1
53411,54,4902,111,0,7.12,36,0.57,0,1
69607,50,14672,106,13,5.37,24,0.55,0,1
25887,41,8791,53,1,21.09,60,0.49,1,0
52769,61,13900,4,10,7.76,12,0.46,0,1
53898,28,6848,12,0,20.52,12,0.23,3,0
61727,34,10349,27,5,20.95,48,0.41,0,1
31445,21,16051,42,2,15.76,12,0.36,2,0
30193,64,8654,88,6,11.19,60,0.53,2,0
57829,42,7045,114,4,7.9,24,0.35,0,1
54454,47,13275,98,8,19.74,24,0.16,0,1
53757,26,13178,46,6,17.03,36,0.1,0,1
55196,38,7256,102,3,18.11,24,0.44,0,1
39799,37,1000,70,4,5.17,48,0.37,2,1
53483,36,6949,37,4,23.55,60,0.27,0,1
54396,36,13386,95,10,6.33,36,0.18,0,1
39284,29,6124,66,14,12.34,48,0.33,1,1
77986,54,9945,61,4,13.05,48,0.15,3,1
57107,59,6712,108,9,5.03,48,0.27,0,1
32130,34,1000,38,8,14.94,12,0.29,2,1
59848,54,6622,36,9,20.06,48,0.33,0,1
35379,65,13365,118,2,21.47,12,0.33,0,1
61806,56,1000,113,5,22.59,24,0.23,0,1
67378,45,11260,85,7,14.75,12,0.53,1,1
37689,58,4069,7,10,17.61,48,0.28,0,1
64450,52,13042,80,8,6.59,60,0.21,0,1
56191,64,13571,51,12,14.76,60,0.19,0,1
62330,65,9140,90,14,8.1,24,0.26,0,1
78451,35,9151,32,6,12.39,48,0.13,0,1
46319,31,5968,109,11,11.59,12,0.12,1,1
38693,52,3272,80,2,13.47,60,0.4,0,1
36657,61,18490,41,0,16.43,36,0.41,0,1
37762,58,5674,75,3,23.06,48,0.36,1,1
48843,24,17838,111,12,12.89,48,0.48,2,1
55117,58,5702,109,5,24.62,36,0.12,0,1
54150,30,12625,26,2,20.18,60,0.57,0,0
62407,35,4310,111,13,15.23,36,0.15,2,1
50195,54,12616,7,0,17.88,24,0.44,2,0
71803,30,8372,22,5,7.04,12,0.17,0,1
46030,53,8437,105,13,21.89,12,0.54,0,1
90802,48,13050,112,0,16.65,60,0.36,0,1
59385,19,7654,63,8,24.72,36,0.14,0,1
37142,33,2859,92,10,17.73,48,0.41,0,1
33936,26,13806,113,13,21.68,48,0.1,0,1
57237,26,4270,19,11,21.0,48,0.49,0,1
46648,55,12582,15,0,11.91,24,0.43,2,0
60710,28,14864,16,12,10.19,24,0.21,0,1
57098,39,8122,79,5,13.61,48,0.29,0,1
48907,50,15911,18,0,14.34,60,0.1,3,0
37298,53,12408,119,11,9.8,24,0.45,0,1
27277,62,6520,119,6,22.89,24,0.26,0,1
43302,40,17007,7,2,15.85,12,0.39,1,1
62845,62,4291,37,5,24.57,12,0.58,0,1
53211,62,8116,37,6,21.2,60,0.25,1,1
31313,51,8968,52,0,16.11,24,0.6,0,1
52597,26,13026,92,0,23.94,24,0.42,0,1
55779,41,15577,104,12,15.1,36,0.22,2,1
36742,25,15263,99,4,22.74,60,0.32,0,1
52305,24,11118,89,5,12.16,60,0.47,1,1
50873,53,8598,30,14,12.57,36,0.32,0,1
32855,35,1000,43,14,13.36,36,0.13,0,1
55366,20,3429,59,8,15.93,12,0.18,1,1
58411,45,18833,75,13,16.07,60,0.5,0,1
66245,23,1000,118,0,14.93,60,0.42,0,1
65807,61,6077,16,12,11.12,36,0.38,0,1
29334,61,15723,78,3,23.54,48,0.18,0,1
35932,38,11048,72,9,16.77,48,0.52,1,1
57725,45,14640,38,7,13.15,12,0.58,1,0
57706,57,12714,41,9,18.02,48,0.12,0,1
57725,18,17347,47,8,20.36,48,0.14,0,1
107790,53,11477,11,14,24.21,48,0.54,0,1
58563,38,13317,95,12,14.99,24,0.51,0,1
67033,60,6378,88,2,7.24,12,0.41,1,1
64310,52,12931,102,10,13.82,36,0.57,0,1
59770,30,8019,17,1,14.58,48,0.42,0,1
45270,66,7734,78,3,22.94,24,0.21,2,1
61384,27,14473,95,1,12.9,48,0.46,0,1
38407,61,14508,5,0,24.07,24,0.42,0,0
46447,64,18442,107,11,14.7,12,0.59,0,1
42719,27,18116,42,2,24.48,48,0.21,1,0
51228,63,14586,115,6,5.16,24,0.4,0,1
84719,30,1397,34,12,22.98,60,0.49,0,1
21991,54,19138,97,12,23.62,60,0.27,3,0
60293,55,14589,101,0,24.22,24,0.29,1,1
25809,41,6170,119,1,5.26,48,0.54,1,1
42921,19,13644,53,0,8.43,48,0.3,0,1
66334,39,4813,61,7,18.08,12,0.41,0,1
50964,34,13093,68,4,5.51,12,0.54,0,1
33833,53,3418,81,7,6.27,36,0.2,0,1
39270,31,5958,15,2,9.42,12,0.59,0,1
60193,27,13549,7,12,15.25,48,0.45,0,1
39044,52,15364,88,11,15.92,36,0.35,0,1
53246,42,11627,95,6,5.69,12,0.32,0,1
50683,20,8569,89,7,8.41,24,0.58,1,1
40225,64,1000,115,14,14.99,60,0.2,0,1
82159,55,8954,85,5,16.88,12,0.26,0,1
59508,34,12667,30,12,7.97,12,0.25,0,1
19622,29,8416,106,12,12.98,24,0.24,0,1
52796,69,9887,9,6,23.09,48,0.33,0,0
40073,41,9071,55,13,24.98,24,0.59,0,1
62786,46,8391,75,11,24.74,12,0.54,2,0
38112,60,10379,116,1,22.63,48,0.26,1,1
48278,42,8636,91,7,12.89,36,0.31,0,1
57574,53,17216,69,4,18.73,12,0.43,2,1
62986,43,1000,19,6,13.33,24,0.11,0,1
31995,55,7270,4,0,17.97,36,0.51,1,0
44982,18,5648,22,4,11.19,60,0.54,0,1
42875,37,11095,8,0,17.12,36,0.53,0,0
40200,45,10385,57,11,15.48,24,0.29,1,1
76481,33,18110,58,12,5.49,36,0.33,0,1
56074,64,19755,92,7,20.81,24,0.11,0,1
31086,34,6134,79,14,5.24,12,0.3,2,1
63767,57,10002,53,3,10.86,48,0.33,1,1
81832,45,10981,45,3,5.12,60,0.55,0,1
65486,29,6010,21,1,12.52,48,0.55,0,1
27209,44,13141,63,4,6.26,48,0.58,1,1
42736,59,8802,7,0,23.27,48,0.54,3,0
69003,64,4661,19,8,13.31,24,0.1,0,1
39384,47,8602,50,4,14.19,24,0.42,1,1
56657,58,5011,77,5,12.0,60,0.13,2,1
61619,51,15183,38,1,17.55,24,0.24,0,1
36096,54,19507,36,9,20.69,24,0.39,1,0
49107,23,11224,49,9,17.96,24,0.45,0,1
10000,24,10556,33,0,19.96,24,0.43,0,0
34634,49,10762,74,3,23.12,12,0.12,0,1
46211,49,15911,117,6,22.27,60,0.15,0,1
31283,42,15803,103,5,18.48,24,0.16,1,0
74486,50,9421,32,9,9.29,60,0.15,0,1
28547,24,11262,30,0,17.75,36,0.19,2,1
43399,69,13263,53,0,15.12,12,0.44,1,0
51961,29,4311,43,7,19.34,24,0.52,1,0
71619,33,16063,33,3,21.66,12,0.3,0,1
28462,33,18674,113,4,19.85,12,0.45,0,1
67447,60,15825,70,12,21.93,36,0.2,0,1
50153,53,3772,112,6,6.28,60,0.59,2,1
35277,30,1000,117,7,5.63,12,0.27,0,1
56931,24,13543,61,14,10.17,48,0.52,3,1
52985,53,6199,22,9,23.01,36,0.57,1,1
40996,64,11435,45,6,21.47,48,0.53,1,1
51047,68,17675,55,1,18.65,36,0.13,0,1
44220,26,6715,6,13,19.02,48,0.43,0,1
51702,49,8112,117,14,19.53,48,0.16,1,1
59931,28,11383,88,3,23.85,12,0.1,0,1
73790,25,3512,60,9,21.64,12,0.13,1,1
31432,50,6210,2,11,17.47,36,0.56,0,1
81995,40,10124,37,0,18.31,60,0.55,1,1
20718,42,8497,83,9,9.27,12,0.21,1,1
47723,25,13042,33,8,18.15,12,0.37,0,1
58824,62,23829,112,2,13.49,24,0.58,0,1
54214,39,10495,43,11,8.06,12,0.35,1,0
40659,21,5791,107,2,21.13,60,0.3,0,1
46878,57,17091,29,9,15.2,24,0.34,0,0
42604,20,2055,16,8,24.55,48,0.5,0,1
41159,46,3055,58,9,10.63,48,0.34,0,1
62744,58,7024,9,2,14.61,24,0.49,0,1
55355,46,8585,98,7,13.96,24,0.32,1,1
39606,51,6904,83,1,7.42,24,0.23,0,1
63493,51,9842,17,13,13.52,36,0.26,0,1
54609,45,11373,44,12,10.75,60,0.14,2,1
62192,30,15344,107,2,8.21,60,0.35,0,1
59444,32,10455,90,1,10.64,48,0.17,0,1
37565,40,7190,58,0,9.67,48,0.51,1,1
41597,61,15073,61,1,19.68,48,0.31,1,0
61209,43,5911,58,7,5.62,12,0.48,0,1
59155,21,1836,48,8,17.35,48,0.58,3,0
49686,43,16029,99,12,20.21,24,0.52,2,0
51759,57,15709,62,1,14.61,48,0.58,0,1
69164,26,6038,86,6,23.63,24,0.38,0,1
41126,22,8004,31,14,19.16,36,0.18,1,1
58206,49,5415,9,4,19.96,12,0.57,0,1
46967,37,11633,10,2,8.94,12,0.53,0,1
46734,67,18660,101,8,20.55,60,0.53,1,1
66481,28,13514,69,14,21.64,36,0.45,0,1
62381,32,15178,104,5,12.23,24,0.41,0,1
62202,49,14098,61,10,9.27,36,0.11,0,1
69582,45,9999,46,0,12.7,12,0.47,0,1
50315,39,15416,33,4,19.79,24,0.15,0,1
60229,58,13725,99,6,13.35,36,0.23,0,1
45345,34,17197,100,3,19.73,12,0.38,0,1
54862,43,7702,16,7,7.27,24,0.33,0,1
48047,61,1309,103,9,21.12,24,0.11,2,1
51454,24,15226,103,4,10.06,12,0.51,2,0
58927,59,11748,53,8,9.98,24,0.54,0,1
37726,43,8519,75,8,16.81,12,0.44,1,0
81385,42,8799,84,8,6.4,48,0.37,1,1
34909,27,22773,39,0,5.53,48,0.58,1,1
31787,62,6789,18,1,10.22,24,0.16,0,1
67371,36,5733,66,2,15.76,24,0.47,0,1
61874,28,10426,81,13,23.15,12,0.16,1,1
59361,30,15902,52,3,21.93,24,0.29,0,1
59425,25,21392,114,9,14.81,60,0.39,0,1
49816,57,13286,63,8,5.74,48,0.47,0,1
36541,21,3647,82,9,15.71,24,0.1,3,0
51137,64,19854,46,12,19.1,24,0.23,0,1
39842,48,9902,5,5,11.78,36,0.37,0,1
64626,45,5811,15,0,7.22,24,0.37,0,1
47794,28,4603,71,11,10.57,60,0.42,2,1
37617,60,14181,111,8,20.43,48,0.25,0,1
45179,18,11194,17,5,12.02,36,0.37,0,1
56193,66,11725,51,3,21.24,12,0.19,0,1
41544,64,16432,47,13,11.39,12,0.19,0,1
37666,69,5989,42,3,8.27,48,0.39,0,1
53655,55,16830,38,2,13.72,12,0.44,0,1
53674,41,7404,48,6,14.05,60,0.16,0,1
42395,64,20820,112,2,5.32,24,0.16,0,1
42934,48,12993,11,1,7.34,48,0.38,1,0
53480,58,5398,108,9,8.7,36,0.24,0,1
28278,63,1000,9,7,7.27,24,0.3,0,1
28888,67,14044,70,3,11.83,12,0.3,0,1
39223,43,8129,109,7,24.29,12,0.19,0,1
46798,66,9222,54,0,15.18,36,0.1,0,1
54663,67,13830,0,14,17.55,60,0.53,0,0
72130,22,15052,48,4,12.13,36,0.46,1,1
62864,37,16118,35,12,11.47,48,0.45,0,1
47600,69,4125,20,8,5.46,36,0.37,0,1
49714,58,17129,36,0,15.01,12,0.45,0,1
34962,28,7104,115,10,14.67,60,0.57,0,1
49722,50,1000,23,12,8.16,60,0.43,0,1
45670,67,4107,54,3,20.29,36,0.23,0,1
54840,55,11090,24,5,14.85,48,0.39,0,1
37591,44,5105,6,9,11.78,12,0.32,0,1
57790,51,9559,105,7,7.94,24,0.38,0,1
72991,32,11691,80,13,16.04,60,0.36,0,1
48368,49,9093,92,2,20.06,36,0.53,0,1
56025,38,7528,93,4,10.64,48,0.43,0,1
60352,63,3746,70,6,9.38,48,0.19,0,1
43981,22,10109,96,0,15.44,12,0.13,0,1
53361,23,1000,70,14,8.11,60,0.31,0,1
50188,55,6570,23,6,18.33,12,0.11,0,1
51465,39,5361,10,12,17.11,24,0.26,0,1
38404,35,8803,72,11,6.74,24,0.28,0,1
50367,31,8933,11,10,5.73,24,0.29,0,1
57469,27,14799,34,7,17.41,48,0.59,0,1
71767,63,17917,62,7,10.89,60,0.25,0,1
64389,30,4411,67,8,6.73,12,0.23,1,1
82297,48,19964,99,5,20.19,12,0.16,2,1
38489,47,6103,91,11,11.28,24,0.36,0,1
63084,20,10862,56,5,14.19,60,0.18,1,1
52750,47,12554,12,1,9.74,60,0.41,0,1
82847,23,22222,22,2,17.55,36,0.18,0,1
37875,46,7288,82,3,11.03,60,0.39,3,1
37404,25,1016,105,3,24.36,60,0.51,1,1
41009,61,17451,100,7,19.06,12,0.12,3,1
18141,62,5833,38,13,7.73,60,0.31,0,1
42113,60,8192,87,0,13.33,60,0.33,0,1
38613,61,4411,79,9,12.71,12,0.5,0,1
52255,50,8206,96,13,15.68,60,0.33,0,1
55126,34,5798,11,3,21.84,12,0.38,0,1
78142,65,13382,33,10,16.67,36,0.5,2,1
64256,28,10403,70,11,6.23,48,0.38,0,1
41346,30,6594,74,12,18.11,12,0.28,0,1
36523,67,14979,30,10,5.17,12,0.14,0,1
57378,28,11274,92,10,20.6,60,0.46,0,1
30196,48,1000,61,3,18.33,12,0.54,0,1
77471,45,14598,12,0,11.18,24,0.59,3,0
67691,61,10924,30,2,10.85,24,0.56,0,1
42962,23,16953,1,4,20.97,36,0.5,0,1
24302,58,10619,102,5,20.67,12,0.42,2,1
70308,33,6041,14,8,12.05,60,0.49,3,0
48281,21,8978,56,8,10.98,60,0.32,1,1
68567,52,14019,74,8,16.2,48,0.4,2,1
26083,65,6146,33,10,5.17,36,0.27,0,1
41009,43,7798,102,0,6.65,60,0.26,2,1
50078,29,8891,67,11,7.52,48,0.48,0,1
50704,28,4253,74,8,8.71,60,0.33,1,1
43249,54,6218,28,12,15.24,48,0.21,0,1
59342,42,10862,65,7,24.84,24,0.2,0,1
33985,35,16012,15,1,18.05,24,0.53,0,1
47864,36,11585,38,12,6.23,60,0.44,0,1
51804,40,9770,76,10,15.51,36,0.37,0,1
57716,55,5843,36,0,14.93,12,0.3,0,1
60674,35,15475,80,0,7.88,36,0.32,1,1
33130,43,12167,20,11,23.41,36,0.13,0,1
26988,23,6466,43,5,13.82,12,0.33,0,1
69165,21,14493,18,8,24.89,24,0.5,2,0
54984,61,12797,70,6,13.4,24,0.29,0,1
38772,68,5932,101,4,17.16,12,0.29,0,1
73267,46,9493,7,10,7.1,48,0.11,0,1
51735,51,7536,76,1,14.08,36,0.33,0,1
67689,34,23167,100,0,9.78,60,0.11,3,1
51012,60,12658,65,1,21.71,24,0.39,2,0
80911,60,10933,40,0,20.68,60,0.35,1,1
76330,33,12363,74,2,21.48,12,0.52,0,1
46265,19,16895,87,5,19.47,60,0.39,0,1
64573,51,9583,69,12,21.65,60,0.26,0,1
59680,25,7050,60,7,9.02,36,0.36,0,1
70529,30,14221,25,2,14.04,12,0.45,0,1
35526,59,9125,70,9,18.84,60,0.15,0,1
60290,25,4650,102,8,17.75,24,0.41,0,1
65876,47,3676,82,9,19.33,12,0.56,0,1
23618,49,17646,69,4,9.49,24,0.25,0,0
32251,53,10658,106,6,6.97,48,0.41,2,1
19411,64,7052,28,7,23.34,60,0.51,0,0
45958,47,8828,106,2,16.2,12,0.36,1,1
60763,18,14037,102,1,8.08,24,0.46,1,1
72535,60,8532,65,1,20.87,60,0.26,0,1
51111,56,2752,18,4,23.3,36,0.25,0,1
74429,34,11629,67,14,8.39,24,0.43,0,1
29298,37,16041,57,0,21.35,24,0.45,0,1
24449,41,15707,69,14,23.66,48,0.57,0,0
49166,67,7203,112,1,23.77,36,0.21,2,1
55760,39,16345,56,12,23.28,48,0.33,3,0
49509,46,11064,36,8,15.93,36,0.23,0,1
18988,39,16205,60,6,12.12,24,0.14,3,1
48663,61,12868,91,14,5.15,48,0.3,0,1
30432,26,2392,29,14,6.22,60,0.29,1,1
60045,54,18733,70,5,13.58,36,0.24,0,1
55498,27,10258,72,8,12.99,24,0.25,0,1
35901,53,12883,24,6,8.69,12,0.28,0,1
42291,54,3279,96,13,12.91,36,0.59,2,0
34111,45,12526,64,10,8.49,36,0.49,0,1
49059,45,15514,114,4,21.98,60,0.14,0,1
64327,59,19676,5,14,10.96,36,0.54,2,0
35214,60,17001,17,8,16.97,36,0.42,2,0
57560,38,12771,9,5,15.06,60,0.55,0,1
42046,41,2278,91,5,6.04,60,0.27,1,1
38106,59,10661,10,10,23.84,48,0.33,0,1
48394,57,7037,96,3,15.54,24,0.55,0,1
34471,19,11174,64,12,11.5,24,0.24,0,1
41695,25,3918,76,11,8.16,48,0.56,0,1
32031,65,8949,100,0,11.77,24,0.51,0,1
79470,44,7414,83,4,5.41,36,0.59,0,1
50528,39,7259,64,10,12.27,48,0.26,0,1
39504,54,7308,51,8,15.63,48,0.22,1,1
53209,44,9320,66,12,22.44,24,0.27,1,1
48315,46,11430,81,7,18.75,12,0.58,0,1
46685,20,1000,104,7,7.23,24,0.27,0,1
59212,61,1000,77,4,7.95,12,0.38,0,1
61362,30,8306,30,11,13.56,48,0.3,1,1
42042,62,9011,90,8,8.91,12,0.3,0,1
41362,27,10945,16,2,5.56,36,0.2,0,1
45874,53,6361,54,2,21.1,60,0.37,0,0
15471,26,10047,109,0,5.39,12,0.52,0,1
27272,44,10632,92,8,21.61,60,0.12,0,1
70503,51,6327,35,5,7.88,36,0.54,2,1
74674,68,15067,100,1,24.49,60,0.43,0,1
46264,18,10884,25,7,17.08,36,0.41,0,1
58648,49,12734,52,11,19.7,60,0.41,0,1
54668,42,10344,16,8,7.21,60,0.25,1,1
96183,46,20518,85,8,22.24,24,0.31,0,1
66793,24,12981,24,1,21.78,12,0.5,0,1
48081,66,7560,1,1,18.06,60,0.25,0,0
35666,20,14104,118,12,15.05,48,0.34,1,1
25903,37,1811,85,6,19.43,24,0.11,0,1
53051,37,10598,4,10,5.12,12,0.47,0,1
38654,47,11595,3,3,16.85,24,0.31,2,0
28666,52,10655,35,12,21.95,12,0.36,3,0
40301,52,8331,5,0,12.14,36,0.16,0,1
33776,66,4938,115,7,7.17,60,0.6,3,1
75307,56,6053,20,1,13.42,48,0.25,0,1
63224,44,10510,76,13,19.54,24,0.42,0,1
49880,43,4432,117,2,7.15,24,0.39,0,1
72199,31,18850,100,4,9.12,24,0.49,0,1
51160,34,1000,118,13,7.95,24,0.25,0,1
37080,35,8382,88,2,20.94,60,0.48,0,1
72846,62,10551,25,6,6.26,12,0.29,1,1
58083,69,12537,54,6,18.73,60,0.31,1,1
34441,46,5420,38,13,12.33,36,0.44,0,1
47144,37,15671,83,1,20.12,60,0.49,0,1
36865,44,3030,32,12,24.29,60,0.43,0,1
29258,35,7169,13,12,7.29,36,0.55,0,1
63892,21,13103,55,6,11.29,60,0.24,0,1
78641,18,15200,99,10,21.2,12,0.55,0,1
29021,67,2979,80,5,10.32,48,0.17,0,1
58444,18,23225,20,9,9.3,36,0.43,0,0
40240,43,5512,45,8,21.51,24,0.37,1,1
42693,62,3439,15,12,24.74,12,0.35,2,0
41114,37,12513,109,8,16.14,48,0.26,0,1
37040,69,8258,15,1,10.56,12,0.35,0,1
50727,40,7519,119,6,12.97,12,0.18,0,1
37535,27,12978,83,4,8.4,24,0.28,0,1
54056,28,2363,28,12,20.24,48,0.15,0,1
49246,58,1489,91,5,20.47,12,0.39,0,1
46415,58,7012,7,0,22.5,24,0.15,0,1
36386,22,15389,87,6,5.53,36,0.18,0,1
41348,18,7229,2,5,16.24,24,0.14,0,1
61330,34,17995,88,3,9.29,60,0.29,0,1
57513,39,16005,18,0,11.82,24,0.52,0,1
35336,51,11414,96,8,20.7,24,0.55,3,0
51489,62,11698,65,3,8.84,24,0.14,2,1
61270,58,11410,78,1,17.77,12,0.42,0,1
24958,46,10798,85,7,18.09,48,0.44,0,1
58150,21,8168,73,1,24.08,24,0.37,2,1
40060,22,8749,81,4,20.5,24,0.43,0,1
58558,28,4650,21,10,21.07,60,0.22,1,1
38551,68,1000,45,5,15.63,60,0.34,0,1
22926,38,15520,112,10,8.74,36,0.3,2,1
25586,52,10786,90,12,13.51,36,0.14,2,1
50721,29,10031,12,7,15.99,60,0.41,0,1
53895,43,11992,32,10,18.57,48,0.35,0,1
36435,68,5858,4,0,17.15,36,0.24,0,1
59578,36,4994,89,0,12.88,48,0.34,0,1
25077,62,8581,76,11,10.31,60,0.49,0,1
49008,24,16840,26,3,8.36,36,0.5,0,1
31834,64,4156,77,4,18.88,24,0.42,0,1
40222,24,1000,23,12,17.91,60,0.33,0,1
50710,43,7392,66,14,18.75,36,0.39,2,0
37093,57,15713,110,12,12.45,48,0.29,0,1
44231,22,1337,114,8,10.25,48,0.16,0,1
65094,38,4098,62,10,20.19,36,0.29,0,1
41346,31,11317,112,13,20.47,48,0.37,0,1
62535,21,22849,93,6,14.11,36,0.4,0,1
33054,40,3208,98,6,17.24,36,0.57,3,1
57947,59,3015,47,7,12.47,48,0.49,0,1
71623,37,11693,62,14,19.04,12,0.18,0,1
12925,32,16023,77,4,21.71,24,0.19,0,1
38046,67,6879,11,4,18.76,60,0.15,0,1
58656,69,1893,27,0,15.25,24,0.47,1,1
46954,62,12168,43,13,14.17,60,0.45,0,1
55567,46,13074,92,8,17.85,60,0.59,0,1
40940,25,18893,42,5,18.6,24,0.36,0,1
51298,58,13284,16,8,16.17,36,0.51,3,0
47664,65,14140,39,2,17.5,48,0.39,0,1
67516,36,8689,48,4,6.93,12,0.54,2,1
53816,65,22207,84,1,24.04,12,0.46,0,1
55064,56,8009,56,9,20.82,12,0.42,0,1
43821,63,6940,86,4,12.48,24,0.38,0,1
42685,45,19047,83,14,16.26,24,0.46,0,1
43511,63,2628,63,12,5.95,36,0.31,0,1
55916,44,1000,74,12,5.82,12,0.15,0,1
43685,21,10597,56,12,10.02,36,0.12,0,1
54346,32,9991,97,14,18.79,12,0.34,1,1
81131,52,8860,73,13,22.04,24,0.4,0,1
63066,54,14969,73,7,16.18,48,0.14,0,1
45109,18,5458,106,10,15.64,48,0.24,0,1
68018,20,10320,69,1,13.05,48,0.26,0,1
43878,64,8199,99,7,8.23,48,0.38,0,1
19428,41,5543,87,3,7.37,60,0.24,0,1
34878,44,9690,75,9,20.21,12,0.15,0,1
21938,57,14262,42,9,23.55,48,0.18,0,1
44727,53,20602,118,14,14.17,60,0.19,0,1
50276,51,12897,22,0,18.19,60,0.52,2,0
75146,46,1000,26,12,23.29,60,0.24,0,1
54903,41,9809,57,4,6.8,36,0.46,0,1
46713,41,10249,108,12,20.41,36,0.38,1,1
62441,59,14681,36,0,17.34,60,0.59,0,1
16832,21,10924,5,6,16.97,48,0.24,0,0
53534,20,16265,64,7,10.85,12,0.18,0,1
61562,51,11958,5,2,18.68,24,0.13,2,0
27821,66,17793,49,2,20.9,36,0.22,3,0
67156,40,7806,21,6,7.26,48,0.44,1,1
55077,69,10721,104,3,15.67,48,0.14,0,1
43770,40,14133,87,2,7.03,24,0.22,0,1
59491,62,7139,24,14,22.45,24,0.53,0,1
84060,22,6049,78,7,15.15,48,0.39,0,1
52727,48,6853,89,2,21.16,24,0.13,3,1
53723,58,6253,71,12,12.36,48,0.12,0,1
43109,23,12612,50,13,7.5,24,0.13,0,1
37252,54,1000,87,6,5.83,24,0.57,2,1
62455,27,2220,47,1,10.63,48,0.52,1,1
37158,57,19313,101,10,9.88,60,0.52,0,1
51073,24,6374,69,10,16.21,48,0.56,0,1
42835,56,11000,117,0,5.43,12,0.35,0,1
57184,55,2554,98,11,15.41,24,0.22,0,1
55004,38,10470,105,5,12.84,36,0.3,0,1
65563,37,6404,64,7,16.54,24,0.46,0,1
42349,20,2184,59,0,19.05,12,0.54,3,1
45951,68,16684,45,12,17.68,36,0.32,0,1
35318,39,15912,35,9,24.69,36,0.37,0,1
43335,64,9463,57,11,7.77,48,0.57,0,1
55659,21,14997,75,8,13.59,60,0.15,0,1
61354,45,19516,37,14,13.5,48,0.53,0,1
36167,29,13770,10,2,13.34,36,0.18,2,0
63044,55,12398,11,2,18.28,36,0.34,2,1
70334,68,10994,41,3,14.8,60,0.21,0,1
56201,53,13247,113,10,15.35,24,0.4,2,1
78151,64,8180,38,14,13.65,60,0.38,0,1
38393,58,8616,70,0,24.83,48,0.29,0,1
31330,22,12254,10,8,23.55,24,0.53,0,0
23319,30,7630,35,10,11.15,48,0.43,2,1
72440,40,8171,51,2,7.23,60,0.46,0,1
59815,67,10000,30,12,21.8,24,0.18,0,1
49166,47,15753,32,9,24.94,60,0.54,1,1
54199,54,4336,12,3,10.85,12,0.18,0,1
33117,42,13795,17,0,12.16,36,0.21,0,1
86686,65,13958,40,3,23.83,24,0.16,0,1
51938,44,13929,57,12,19.22,36,0.32,0,0
51640,68,5966,55,0,10.91,12,0.54,0,1
60886,31,1536,23,4,16.62,24,0.23,0,1
57215,65,12798,72,4,23.88,36,0.29,2,1
53358,64,10937,30,13,21.24,36,0.52,0,1
38142,53,15021,54,10,19.84,24,0.41,0,1
57072,56,6497,104,6,19.74,36,0.48,0,1
78230,33,13800,9,13,8.56,36,0.21,1,1
70181,39,15272,59,7,21.49,24,0.46,3,0
73897,38,9523,1,3,10.52,36,0.21,0,1
42331,38,12084,101,6,23.61,36,0.59,0,0
35155,25,11909,14,3,12.29,48,0.38,1,1
48113,66,5892,2,2,22.15,48,0.45,1,0
50835,33,12655,42,14,10.32,12,0.16,0,1
66412,48,18112,30,5,15.29,48,0.23,0,0
24613,59,10111,69,3,7.14,48,0.17,0,1
72943,27,2695,66,13,18.2,12,0.3,0,1
47629,49,6563,55,2,21.72,36,0.24,2,1
43596,51,1102,62,14,19.37,36,0.47,0,1
34818,26,16451,74,14,15.47,48,0.15,0,1
25177,34,13820,14,8,5.9,12,0.48,0,1
62347,28,7493,108,4,23.67,36,0.12,0,1
51099,49,2909,115,12,19.11,60,0.2,0,1
30650,27,5833,91,13,19.92,24,0.5,0,1
30573,39,6808,9,6,20.89,24,0.47,0,1
44963,34,10547,37,11,19.95,24,0.34,0,1
75035,21,10378,46,13,13.82,48,0.12,0,1
46106,65,16707,56,5,19.67,24,0.4,1,0
27452,69,6536,49,9,17.5,24,0.3,3,0
46313,64,2459,113,14,22.08,60,0.26,0,1
45909,42,4215,70,4,21.05,36,0.42,1,1
10000,38,9884,14,6,5.83,60,0.32,0,0
49185,54,6356,17,10,12.58,48,0.15,0,1
46535,55,8539,81,5,5.69,24,0.56,3,1
60443,66,7729,115,9,7.04,36,0.49,0,1
77734,18,14951,104,1,17.03,24,0.13,0,1
66898,42,7065,87,12,22.48,24,0.36,3,0
45966,68,8113,1,12,7.4,48,0.14,1,1
33402,53,13586,103,12,14.02,24,0.52,0,1
88600,34,7175,83,2,23.22,12,0.41,3,0
50888,58,12116,97,1,21.29,36,0.19,0,1
50208,41,11657,42,11,15.39,36,0.11,0,1
49638,19,10708,25,2,20.43,12,0.12,0,1
52971,57,4328,70,0,15.45,48,0.35,0,1
47834,32,16148,37,7,8.16,24,0.47,0,1
41395,49,21103,93,5,7.49,24,0.16,0,1
41797,56,10044,41,12,8.77,36,0.21,0,1
49508,23,4768,4,1,12.02,48,0.26,0,1
41848,18,10145,10,7,23.61,48,0.21,0,1
39307,64,14949,64,5,20.99,48,0.3,0,1
51596,40,6924,33,6,13.66,24,0.38,3,0
46175,56,9355,119,10,14.86,48,0.44,0,1
72559,34,11703,0,0,10.31,12,0.58,0,1
10235,51,16015,82,6,19.09,60,0.57,0,0
66372,58,13877,1,2,21.06,48,0.39,1,0
68691,46,14084,84,10,9.78,60,0.47,0,1
18899,26,7868,19,11,5.84,24,0.58,0,1
44859,30,12009,60,7,17.48,48,0.14,0,1
44428,23,6390,86,5,16.25,36,0.1,0,1
28887,23,14227,20,3,13.04,24,0.11,0,1
38332,37,15756,87,10,17.88,12,0.38,0,1
33341,69,12766,67,7,16.01,12,0.48,2,0
76284,20,8162,11,8,10.01,60,0.28,0,1
64035,34,8981,21,9,12.95,60,0.37,2,0
69073,66,19032,19,1,13.56,36,0.36,2,0
60825,29,8246,81,14,22.6,36,0.15,2,0
33064,65,15249,0,5,24.22,12,0.26,3,0
42132,64,11694,29,4,22.86,48,0.11,1,1
57340,62,8329,96,4,19.38,12,0.16,0,1
31668,18,3276,23,9,16.7,12,0.51,0,1
60694,34,11058,13,10,18.79,36,0.51,0,1
46395,20,10455,35,2,23.78,60,0.5,2,0
44377,43,19032,68,11,10.0,36,0.46,0,1
60664,32,5699,74,7,15.7,36,0.5,0,1
56663,53,21473,23,13,18.79,36,0.44,0,1
44585,49,11894,59,7,18.58,12,0.43,1,1
67389,49,11889,94,11,10.05,48,0.43,1,1
33784,21,7034,54,4,16.73,12,0.36,0,1
59239,35,11573,76,7,20.92,24,0.28,0,1
58896,66,12365,79,9,14.5,36,0.47,0,1
45356,36,14686,23,14,20.87,36,0.25,0,0
54891,60,5108,76,7,12.2,24,0.37,0,1
31233,69,17033,23,2,23.78,36,0.32,0,0
63860,52,11807,53,1,15.68,36,0.24,3,0
47226,57,13041,25,8,16.92,36,0.59,0,1
42159,31,8895,65,1,5.63,24,0.23,0,1
65735,50,5359,79,8,8.41,12,0.25,1,1
39434,31,10363,37,3,17.66,36,0.18,0,1
28873,51,10936,109,11,13.4,48,0.51,0,1
26650,21,3072,64,12,15.16,24,0.39,0,1
59090,41,13966,112,1,6.26,60,0.41,2,1
30793,46,14982,74,9,21.68,24,0.51,0,1
76321,36,6351,50,0,20.69,12,0.27,0,1
18771,23,4887,34,3,8.71,24,0.2,3,0
75446,50,8485,42,8,17.69,60,0.2,1,1
53165,66,10119,28,11,21.37,48,0.47,0,1
48549,57,8679,36,8,17.82,60,0.41,1,1
41826,36,9695,80,3,11.21,24,0.2,2,1
55987,18,11107,57,8,18.12,60,0.17,3,1
49435,22,3158,53,14,9.21,24,0.16,3,0
66549,44,3733,38,11,11.37,48,0.41,0,1
51713,33,1000,41,5,9.8,48,0.1,0,1
52254,23,14712,27,0,16.14,12,0.11,0,1
44545,57,10076,28,9,7.16,48,0.29,0,1
49145,30,15239,42,12,23.67,36,0.45,2,0
54617,65,4311,2,13,11.67,60,0.45,2,1
24347,52,10122,115,5,9.38,60,0.32,0,1
29777,36,11074,9,8,14.93,24,0.45,0,1
61148,29,7191,58,12,10.54,48,0.36,0,1
52562,33,2232,105,1,15.7,12,0.59,0,1
47240,60,18729,13,5,11.97,12,0.18,1,1
50276,27,16996,75,1,7.64,12,0.4,0,1
55213,42,8090,46,3,10.32,36,0.35,0,1
41903,37,12551,41,14,13.77,48,0.2,0,1
38325,48,7576,93,7,5.61,12,0.47,0,1
52937,21,5022,31,12,20.41,36,0.24,3,0
35324,61,19136,31,6,17.44,60,0.29,0,0
56123,40,1723,41,10,17.03,24,0.29,2,1
24461,19,8572,31,11,15.92,48,0.22,0,1
65437,39,10421,25,12,16.81,48,0.32,0,1
57088,68,18256,114,8,23.69,60,0.34,0,1
53840,54,14482,0,6,5.17,48,0.47,1,1
64740,25,1638,55,0,5.96,48,0.48,0,1
74982,24,9986,105,1,8.83,48,0.18,0,1
65215,31,10105,1,5,8.35,48,0.4,0,1
22386,20,8858,80,6,8.62,36,0.55,0,1
30806,67,13099,29,2,18.44,36,0.15,0,1
40627,33,2954,119,8,14.19,24,0.34,0,1
50391,36,7956,102,12,24.84,48,0.48,0,1
57764,68,12394,70,14,9.54,60,0.41,0,1
39113,35,13397,51,6,11.22,12,0.15,0,1
52801,69,10747,90,13,24.68,24,0.3,0,1
38669,33,8558,8,5,21.64,12,0.35,3,0
40827,25,9400,21,12,14.4,12,0.6,0,1
28900,50,13702,33,5,16.09,48,0.19,2,0
36151,66,10169,109,0,21.86,60,0.59,0,1
29724,29,4790,48,12,14.62,12,0.29,1,1
35361,28,3832,0,4,9.12,12,0.2,0,1
65804,22,2551,72,9,21.57,24,0.31,0,1
35759,44,17277,83,2,15.76,60,0.41,1,1
89485,29,14037,52,6,8.06,60,0.21,1,1
57399,34,9467,82,9,15.11,12,0.25,1,0
52772,23,7731,99,2,13.26,60,0.53,1,1
37124,50,7130,39,4,22.54,24,0.6,0,1
60504,22,15466,44,6,7.52,24,0.26,0,1
41365,45,19522,67,13,22.5,24,0.17,0,1
51830,31,6973,8,2,15.24,48,0.5,2,0
88401,22,15692,104,12,13.09,12,0.4,0,1
48559,50,10140,21,12,8.24,60,0.15,2,1
67239,67,8937,17,9,19.02,24,0.57,0,1
39452,65,17521,75,1,23.54,12,0.14,0,1
49475,58,9949,105,5,12.51,12,0.41,0,1
76562,36,11481,42,7,9.83,48,0.31,0,1
40595,39,11241,38,3,16.1,60,0.38,1,1
77186,22,1872,72,8,20.92,60,0.21,0,1
60616,19,11442,5,11,5.08,24,0.44,2,1
41562,47,7186,82,11,17.63,24,0.58,1,1
59486,64,2894,47,14,16.93,12,0.33,0,1
64588,56,7414,110,7,11.36,60,0.36,2,1
59327,21,7373,6,6,14.03,60,0.22,0,1
26446,50,15149,79,13,9.94,24,0.55,0,1
39092,30,4681,68,6,20.8,36,0.59,0,1
46287,37,6050,15,2,17.69,12,0.49,0,1
48883,24,11176,0,13,15.65,60,0.37,0,0
59310,32,3371,114,5,12.85,48,0.58,2,1
52665,40,6704,36,12,10.83,48,0.18,0,1
29969,31,1677,102,12,21.45,36,0.34,0,1
55702,40,14600,82,4,14.03,24,0.37,0,1
59158,36,8493,117,0,15.03,24,0.35,0,1
58396,46,9920,36,10,15.42,24,0.5,1,0
66211,37,14580,80,2,13.97,48,0.44,1,1
62508,46,6388,63,12,10.12,24,0.16,0,1
56887,41,8440,89,11,7.41,48,0.27,2,1
48947,35,4718,85,0,6.97,36,0.27,0,1
25085,27,4707,61,3,20.15,12,0.38,0,1
56444,58,5397,71,9,9.47,60,0.25,0,1
53115,25,7537,60,2,6.11,36,0.16,0,1
54073,43,8076,32,10,20.95,48,0.43,2,0
30848,46,11443,65,3,8.08,36,0.53,0,1
33784,27,5543,29,8,17.5,60,0.57,0,1
65797,34,11598,110,2,11.77,12,0.59,0,1
49406,19,12425,19,11,7.53,60,0.49,0,1
60222,23,7660,59,5,13.29,48,0.17,0,1
50424,22,5976,81,5,5.3,60,0.53,0,1
50446,45,10425,106,6,21.82,36,0.3,2,1
64074,58,8985,73,8,15.27,24,0.46,1,1
42259,22,11101,23,11,7.78,36,0.37,0,1
51441,35,17849,119,6,9.74,48,0.51,1,1
43065,43,10343,3,13,13.96,12,0.31,0,1
43482,37,6803,36,0,8.78,60,0.13,0,1
45362,58,5545,3,14,10.37,12,0.38,0,1
53332,66,5738,76,7,15.69,48,0.19,0,1
42818,44,2686,88,4,21.65,60,0.58,2,0
68836,66,14663,76,8,13.04,36,0.36,0,1
36580,29,1000,17,9,19.34,36,0.38,1,1
47196,24,12440,87,12,22.53,48,0.55,0,0
43404,20,5659,65,14,9.33,60,0.41,0,1
71704,27,7437,47,11,21.14,36,0.25,1,1
52948,51,5510,32,4,20.15,48,0.25,0,1
65477,42,17229,57,4,12.14,48,0.35,0,1
27716,52,10081,82,14,24.79,12,0.53,0,1
54005,33,13951,72,11,10.25,36,0.5,0,1
63344,19,16502,27,11,10.1,60,0.58,2,0
51234,41,10817,34,13,20.45,36,0.14,0,1
65982,27,4021,102,1,13.69,36,0.23,0,1
42240,55,8896,9,11,11.62,36,0.14,2,1
71140,39,6288,64,10,8.57,48,0.48,0,1
84483,43,7482,41,2,20.31,24,0.17,0,1
44557,60,9526,84,9,20.73,24,0.15,0,1
43317,56,9329,8,8,16.33,12,0.38,0,1
71800,44,12060,59,6,24.15,36,0.31,0,0
73693,46,12786,110,0,11.36,24,0.46,0,1
42157,64,9329,14,2,9.39,12,0.34,2,1
43697,55,12017,98,11,18.55,48,0.31,0,1
45773,37,7253,56,1,20.17,36,0.31,0,1
29833,44,16573,68,0,9.5,60,0.54,0,1
36220,58,7172,104,8,6.53,48,0.3,0,1
34937,37,15985,21,7,21.21,12,0.27,2,0
38483,61,2619,63,14,24.53,48,0.27,0,1
49479,36,8097,40,4,17.89,60,0.2,0,1
53513,37,8345,86,10,10.56,48,0.53,0,1
73257,52,11394,70,11,24.93,12,0.17,0,1
35024,64,14309,55,1,22.87,60,0.55,0,0
64764,19,3753,22,0,15.27,60,0.24,0,1
46790,47,4460,107,6,21.51,48,0.55,0,1
49258,51,2990,24,12,21.32,60,0.5,0,1
60122,39,16600,90,10,23.7,48,0.39,0,1
33159,20,11488,104,10,21.82,36,0.43,0,1
55736,23,4578,5,14,17.87,60,0.26,0,1
52496,32,7784,118,1,17.19,48,0.39,2,1
57386,44,15908,33,0,14.35,36,0.25,0,1
54337,27,8609,62,1,17.53,60,0.3,2,1
86829,26,8314,8,6,20.9,36,0.48,0,1
40433,50,6093,59,6,24.38,60,0.22,1,1
42035,49,4875,48,9,14.35,12,0.52,0,1
40652,65,15916,96,5,16.47,12,0.29,0,1
41667,23,18369,50,4,13.9,48,0.37,0,1
40439,58,5074,59,2,18.37,24,0.57,0,1
67835,53,17024,69,13,17.6,12,0.44,0,1
71307,19,7563,36,11,5.36,24,0.42,0,1
41438,46,12668,30,2,15.82,36,0.46,0,0
37514,21,17051,97,10,6.77,36,0.56,0,1
57071,18,9274,40,12,5.53,24,0.22,0,1
41716,36,8360,61,11,20.82,48,0.41,0,1
59493,43,14005,92,8,10.17,60,0.3,0,1
53043,42,4450,57,3,11.81,24,0.11,0,1
27263,27,15735,13,8,6.28,24,0.16,0,0
73212,32,10714,35,3,8.59,24,0.26,0,1
76938,39,7111,35,1,20.31,24,0.38,0,1
40808,68,6979,116,14,14.87,24,0.54,0,1
44184,65,3082,78,3,22.61,48,0.5,2,1
54287,38,7319,7,5,12.94,12,0.38,0,1
55016,39,8679,25,5,10.37,60,0.14,2,1
59878,53,4693,35,4,11.95,12,0.24,0,1
80153,51,9772,47,14,19.26,24,0.28,2,0
47345,47,12364,84,14,16.1,12,0.41,1,1
38025,42,8932,27,0,23.08,48,0.13,0,1
29310,62,13313,67,2,17.04,36,0.37,0,1
39036,45,5964,61,4,14.86,12,0.55,0,1
49503,18,15016,79,5,20.72,60,0.45,0,1
76918,66,10609,85,13,23.95,48,0.5,3,0
42235,62,17726,75,0,12.12,36,0.44,3,1
53356,21,22071,79,13,10.0,48,0.2,1,1
49753,24,7648,50,13,17.32,24,0.16,2,1
67825,66,7854,103,8,14.98,36,0.51,2,1
87903,26,8768,101,13,24.78,60,0.45,0,1
42036,53,12978,41,2,14.25,36,0.39,0,1
42658,36,16629,100,9,6.49,60,0.19,0,1
65662,18,6735,28,12,24.55,24,0.4,0,1
60228,27,11906,81,2,21.87,60,0.12,0,1
77700,53,9320,9,10,8.57,48,0.16,0,1
58758,26,13090,105,1,23.09,12,0.26,0,1
44610,62,17547,38,7,11.81,48,0.32,0,1
58859,63,8798,81,14,12.54,48,0.16,2,1
66630,59,1650,0,12,23.13,36,0.16,0,1
62307,49,13719,38,2,15.6,24,0.46,0,1
57609,49,5836,20,5,7.76,12,0.38,1,1
66000,23,9284,64,1,12.38,60,0.37,0,1
67539,65,13935,14,6,19.44,36,0.33,0,1
70732,55,11486,3,12,8.48,24,0.59,0,0
59730,34,9491,59,3,16.8,12,0.12,0,1
47493,27,7120,60,8,18.91,48,0.19,2,1
52200,67,1000,19,13,11.88,24,0.42,0,1
68097,44,13491,9,9,18.88,24,0.17,0,1
37745,67,8735,86,8,22.68,24,0.39,0,1
55530,52,17566,104,6,14.44,48,0.38,2,1
44099,69,11990,33,14,12.66,60,0.59,0,1
50431,38,7294,109,11,10.02,36,0.54,1,1
69176,42,15334,47,7,17.08,60,0.57,0,1
52866,45,15755,32,2,22.6,12,0.16,2,1
50696,64,8904,97,10,11.49,36,0.53,1,1
29602,32,15968,102,4,12.92,12,0.16,1,1
61193,21,7223,60,1,13.13,48,0.42,0,1
59682,46,10798,9,9,16.22,60,0.46,2,0
82448,26,12857,53,6,9.57,24,0.18,0,1
45383,44,13923,83,12,21.44,36,0.42,2,0
53287,43,13107,64,7,10.91,24,0.13,0,1
53740,36,8336,76,8,19.11,12,0.25,0,1
73661,45,15468,0,10,15.26,24,0.56,0,1
48570,34,9377,4,10,16.72,24,0.19,0,1
54185,60,7154,79,6,8.59,48,0.13,0,1
59118,58,7228,14,9,19.7,48,0.32,0,1
52799,59,19699,112,14,8.77,60,0.53,0,1
43303,67,6290,27,9,7.27,12,0.14,1,1
52911,37,16458,94,12,15.93,48,0.28,0,1
66104,62,4322,22,7,19.19,48,0.55,0,1
34602,57,12439,111,11,6.0,60,0.16,2,1
51994,56,11485,108,8,6.39,36,0.26,0,1
39498,66,18106,106,5,21.05,60,0.49,0,1
67925,40,6727,16,11,21.18,24,0.37,0,1
27152,64,5346,112,11,9.91,24,0.52,0,1
41616,49,9417,97,9,17.3,48,0.16,0,1
55658,69,18324,12,1,13.86,48,0.56,0,1
73482,64,5579,13,1,17.65,60,0.57,3,0
49013,50,1000,10,3,22.26,60,0.18,0,1
41672,63,10298,27,14,6.6,12,0.12,0,1
78217,22,14747,41,8,20.56,24,0.59,1,1
28279,60,4930,95,6,14.86,60,0.34,0,1
17017,65,14239,98,1,16.28,36,0.39,0,1
56600,51,4820,60,7,18.08,12,0.41,2,0
42469,57,9267,63,10,23.45,60,0.49,0,1
34681,28,13763,30,6,6.13,48,0.51,2,0
60625,67,4062,80,8,5.59,60,0.2,0,1
53657,20,10907,110,7,8.57,48,0.22,1,1
41538,50,16074,72,2,24.73,48,0.54,0,1
30795,28,12369,9,0,19.3,24,0.51,0,1
63086,33,6396,7,1,17.29,24,0.41,0,1
59753,35,17593,20,14,5.94,60,0.6,3,0
48512,47,13291,76,13,22.58,60,0.47,1,1
77699,65,1000,58,12,21.26,36,0.21,0,1
33948,27,14321,49,1,18.3,12,0.52,3,0
27117,35,7143,68,3,11.78,12,0.31,0,1
39621,55,10982,69,5,6.41,60,0.12,0,1
49316,36,15040,29,3,16.6,24,0.26,0,1
53650,53,7251,94,8,19.39,36,0.48,1,1
46381,30,1772,16,3,6.88,12,0.58,1,1
55280,63,17527,74,5,17.68,60,0.24,0,1
31226,20,15822,19,5,10.73,24,0.22,2,1
71656,27,9563,47,9,20.28,24,0.38,0,1
48767,55,14267,72,10,15.79,24,0.51,0,1
66759,18,8153,1,9,7.58,48,0.47,0,1
55140,44,10484,36,0,15.53,24,0.38,2,1
56851,63,9278,0,7,12.91,60,0.42,0,1
58546,25,8355,3,11,8.61,36,0.22,0,1
56715,68,11796,99,2,21.83,60,0.32,0,1
59640,63,3959,53,14,5.22,24,0.23,0,1
69937,59,8742,24,12,11.24,36,0.54,0,1
52947,34,11572,2,5,5.25,12,0.16,0,1
60635,26,19190,8,2,6.92,12,0.44,2,1
48653,23,4162,85,14,10.94,60,0.23,0,1
71601,60,12602,86,10,6.09,36,0.34,0,1
39854,42,13150,75,1,16.93,60,0.25,1,1
77014,56,1000,73,14,6.74,36,0.26,0,1
49397,66,12052,33,4,19.03,36,0.23,2,1
28538,45,14401,42,13,6.05,60,0.48,0,1
51921,50,12943,73,0,6.19,36,0.28,0,1
39784,54,9580,93,8,11.11,24,0.46,0,1
62609,26,11666,21,10,22.93,36,0.33,2,0
40210,35,10849,69,6,17.83,36,0.37,3,0
43307,38,1552,113,2,20.4,60,0.37,0,1
21656,19,10966,1,3,7.83,12,0.59,0,0
43215,60,8164,93,12,21.68,48,0.28,0,1
13641,55,6475,65,5,5.16,36,0.2,0,1
26241,57,22424,31,2,9.26,48,0.56,0,0
61406,53,16263,105,11,17.32,36,0.19,0,1
61787,67,4249,15,6,12.5,60,0.52,0,1
56381,60,11733,75,12,24.68,60,0.18,0,1
35495,54,17290,0,5,5.61,36,0.43,1,0
49284,32,2519,116,8,24.97,60,0.18,0,1
49945,45,10384,71,11,17.47,60,0.56,0,1
32624,35,10620,47,14,16.17,36,0.38,0,1
72550,51,3627,49,4,6.19,12,0.26,0,1
63160,39,11897,12,3,10.47,36,0.17,1,1
46685,28,15581,14,2,23.49,12,0.29,0,0
50403,30,17540,52,9,12.08,60,0.45,0,1
53125,21,8753,43,0,18.23,12,0.29,0,1
19373,39,22508,7,2,24.99,60,0.22,2,0
46292,24,1000,73,2,10.26,12,0.39,0,1
39770,60,11781,45,6,16.52,12,0.31,0,1
34975,41,2938,68,6,18.93,36,0.18,0,1
45783,21,10450,113,12,8.29,12,0.18,0,1
76965,45,7390,18,14,7.97,60,0.45,0,1
59612,32,12534,110,11,14.13,36,0.59,0,1
41432,18,9365,37,0,12.72,12,0.22,1,1
58588,20,5870,10,2,19.28,36,0.49,1,1
70990,31,6198,116,12,6.39,48,0.14,0,1
63869,55,19662,42,7,24.44,36,0.29,0,1
50894,67,12217,19,8,5.29,48,0.35,0,1
40295,18,1489,19,6,17.03,48,0.23,0,1
60473,55,12753,20,6,16.25,36,0.36,0,1
55902,55,9026,81,11,7.69,60,0.54,0,1
63427,38,10023,56,14,8.02,60,0.57,0,1
59527,65,14099,49,10,20.85,60,0.15,0,1
65743,46,15916,73,7,22.75,24,0.24,0,1
41971,22,5705,97,5,10.66,48,0.59,0,1
69760,66,9851,25,10,13.76,36,0.24,0,1
52963,27,7269,29,2,12.1,60,0.45,2,0
81128,45,12984,72,14,6.45,60,0.23,0,1
39662,38,8838,109,0,18.46,36,0.28,2,1
76039,67,10146,114,6,21.5,48,0.2,0,1
52968,24,8648,30,0,11.1,36,0.53,2,0
40228,20,9469,41,0,24.8,24,0.54,0,1
42741,62,18523,118,8,6.52,24,0.25,2,1
45194,64,21953,67,12,18.24,36,0.51,0,1
56362,37,11885,60,9,13.96,48,0.28,0,1
57842,36,9500,60,6,13.93,60,0.15,0,1
41394,52,2021,69,12,14.15,24,0.48,0,1
49634,21,6197,77,10,10.17,24,0.4,0,1
82134,22,9366,67,12,19.31,48,0.24,0,1
75913,18,6424,89,3,19.43,24,0.23,0,1
56544,21,6950,110,5,10.65,24,0.59,0,1
50570,29,17876,111,0,21.71,48,0.53,0,1
51800,44,10143,102,6,11.34,36,0.5,0,1
59202,59,10591,16,11,19.5,60,0.16,0,1
34658,40,6629,18,14,7.42,60,0.48,2,0
46139,42,15887,50,5,8.37,24,0.21,3,1
24971,38,8937,112,3,11.32,60,0.59,2,0
55988,69,7395,69,6,16.88,36,0.13,1,1
59707,41,2096,62,2,17.91,24,0.28,0,1
42752,42,9694,92,0,12.93,60,0.31,3,1
73609,62,7239,74,3,6.56,12,0.51,0,1
31613,63,18422,79,2,12.47,12,0.48,0,1
28034,49,19219,29,0,18.78,12,0.29,1,0
53366,49,3823,24,1,18.42,12,0.38,0,1
65706,22,4389,103,10,8.2,12,0.52,0,1
75258,53,8618,74,4,5.16,24,0.11,0,1
43116,63,5919,70,14,20.06,48,0.5,0,0
66180,59,11087,25,7,7.13,48,0.57,0,1
49422,66,8366,55,0,6.65,24,0.12,0,1
47410,59,11402,21,3,5.05,24,0.12,0,1
63254,56,15080,88,13,13.65,36,0.27,0,1
59784,33,4678,18,3,15.07,48,0.14,0,1
26354,50,14976,30,4,17.75,12,0.34,0,0
72148,66,6356,25,6,10.92,24,0.46,2,0
70701,38,20742,41,12,19.21,12,0.38,0,1
40616,26,18104,40,11,8.39,48,0.2,2,1
55937,23,9434,99,7,21.64,60,0.43,0,1
57410,68,5182,22,14,16.44,60,0.44,0,1
53910,62,4225,46,5,16.68,24,0.57,0,1
41745,52,14368,12,0,9.2,36,0.17,0,1
39925,56,9847,88,6,6.48,12,0.45,0,1
49616,39,14634,65,2,14.29,24,0.56,0,1
67590,58,21021,65,14,17.31,36,0.35,0,1
58154,22,6148,15,12,6.9,12,0.28,0,1
44440,59,3849,72,12,24.01,48,0.19,0,1
61575,40,10962,27,12,24.61,60,0.53,3,0
10000,34,15723,76,5,15.91,36,0.3,0,0
67231,29,5297,34,14,24.0,12,0.56,1,0
23904,40,10173,40,7,8.59,24,0.52,1,1
44563,33,16850,76,6,5.51,12,0.29,0,1
33204,20,1835,30,9,5.79,24,0.39,2,1
30579,47,11176,84,5,16.75,60,0.11,3,0
67412,39,7299,31,8,6.23,60,0.23,0,1
42984,26,10620,53,8,24.17,12,0.46,0,1
55197,46,13548,97,0,7.84,12,0.44,0,1
49296,64,11104,71,0,11.09,24,0.28,0,1
57155,54,4948,58,0,21.45,24,0.5,0,1
51152,40,7493,40,7,9.37,36,0.22,2,1
30755,30,17132,111,11,9.86,36,0.33,1,1
64944,49,11644,65,12,17.85,36,0.34,0,1
42593,63,14201,101,13,10.52,12,0.27,0,1
26651,69,11251,95,11,9.35,36,0.58,2,0
43578,64,14045,53,13,10.08,12,0.45,0,1
72511,65,8019,39,9,14.81,60,0.37,0,1
62753,40,6162,27,6,24.32,48,0.36,0,1
44770,62,13818,36,2,21.64,60,0.18,0,1
44761,34,15636,104,12,10.69,12,0.29,0,1
45175,57,5428,64,1,12.27,12,0.44,0,1
81151,38,7120,104,3,14.29,48,0.56,0,1
55729,19,9183,73,2,24.58,24,0.51,0,1
56450,54,18099,54,6,8.45,24,0.25,0,1
65454,23,12815,3,9,12.15,24,0.32,0,1
53581,61,3379,98,14,19.59,36,0.14,1,1
46114,35,9535,9,14,24.28,24,0.15,0,1
47054,47,8770,46,7,8.11,36,0.34,0,1
48925,39,4133,74,5,9.55,36,0.37,0,1
49441,50,9476,13,2,9.51,24,0.23,0,1
60914,47,8549,37,5,5.42,24,0.42,3,1
50779,34,8191,11,14,17.08,48,0.45,0,1
60989,60,7963,44,1,18.41,48,0.25,0,1
48789,49,17356,16,14,17.05,36,0.48,1,0
51179,59,8181,79,11,6.43,48,0.2,0,1
20026,68,10248,34,6,6.38,36,0.37,0,1
63744,31,9706,65,13,9.21,12,0.5,0,1
55197,27,7474,74,10,10.81,36,0.37,1,1
64970,64,10397,40,9,20.73,36,0.55,0,1
10000,68,10326,66,13,8.19,48,0.13,2,0
81325,53,10398,28,6,5.88,12,0.39,0,1
47906,51,5703,17,3,12.88,60,0.38,0,1
66622,26,8969,19,12,13.33,60,0.43,3,0
34401,59,13801,110,7,14.02,60,0.52,0,1
59191,45,9100,13,3,21.54,12,0.46,1,0
34198,28,10808,33,6,6.96,24,0.5,1,1
40643,31,10835,48,3,19.08,12,0.24,2,1
78710,56,12086,53,12,11.76,48,0.29,0,1
47139,64,12793,30,11,11.2,36,0.41,0,1
53261,36,9129,57,4,23.65,36,0.38,1,1
63051,32,5443,103,6,9.97,48,0.58,0,1
57435,45,3906,41,12,17.85,48,0.19,0,1
52256,41,15088,57,13,10.5,36,0.28,0,1
55474,25,13851,81,13,15.14,24,0.39,0,1
86051,60,13246,29,12,20.73,24,0.53,0,0
49135,26,14056,24,9,22.63,24,0.56,0,1
53016,64,9192,62,2,21.77,48,0.27,0,1
65759,50,6875,18,9,16.64,36,0.13,0,1
66582,50,5097,71,4,9.98,36,0.31,0,1
67805,36,4553,91,10,18.22,36,0.3,1,1
59580,20,16060,7,13,19.2,12,0.59,1,0
32854,27,7534,94,2,5.21,12,0.32,0,1
74501,57,15274,2,4,13.78,60,0.25,0,1
32804,64,9065,66,13,21.87,12,0.28,0,1
54539,59,6618,107,2,14.79,24,0.3,0,1
38685,18,4528,85,10,11.23,24,0.51,1,1
49037,46,7059,80,9,22.44,24,0.14,1,1
54931,67,17091,99,10,8.12,24,0.26,2,1
54820,51,4578,16,6,9.13,60,0.58,0,1
56328,68,20583,13,12,18.75,24,0.18,0,1
74205,30,5796,114,0,12.05,48,0.47,0,1
56803,18,13749,8,8,19.26,48,0.28,0,1
46337,51,9273,61,8,8.15,48,0.39,0,1
64461,46,8397,93,4,10.05,12,0.15,0,1
67842,65,3642,20,8,8.13,36,0.25,0,1
31585,64,9508,75,9,24.06,60,0.35,0,1
58961,30,4208,36,12,13.11,48,0.22,0,1
60517,65,1592,95,14,11.74,48,0.37,0,1
45536,66,10597,10,5,5.28,24,0.21,3,1
70635,46,6822,19,14,8.07,48,0.43,0,1
47749,56,18421,34,4,13.42,24,0.55,0,1
51883,41,15000,52,12,6.37,24,0.14,0,1
47403,43,18487,46,2,15.21,36,0.21,2,0
50233,34,6595,109,10,14.1,12,0.52,0,1
33555,24,10680,74,10,20.34,24,0.42,2,0
28399,30,1000,51,7,18.2,24,0.14,0,1
73917,22,8590,7,3,13.92,36,0.34,1,1
37295,43,10492,3,9,9.49,24,0.2,0,1
35129,66,10770,26,12,19.54,60,0.2,0,1
17699,20,9788,43,14,19.16,12,0.57,0,0
40415,24,10332,39,12,8.07,60,0.48,0,1
30153,66,1000,101,2,23.3,48,0.45,1,1
74630,56,11281,46,12,6.29,12,0.22,0,1
65147,18,12417,93,5,6.1,48,0.16,0,1
39677,66,16690,43,7,8.75,24,0.54,3,0
83786,34,11843,47,12,23.19,36,0.1,0,1
64726,60,9346,111,14,15.4,60,0.29,3,1
45127,42,15524,90,8,20.76,48,0.24,0,1
12508,20,1000,84,13,9.56,24,0.39,2,1
84364,32,7425,51,5,14.8,60,0.23,0,1
29156,46,6170,83,4,12.17,60,0.26,0,1
25319,60,9827,67,11,21.56,48,0.53,0,1
65338,49,1000,10,10,5.45,24,0.4,0,1
86596,43,16598,76,1,9.88,36,0.17,0,1
70764,33,8750,72,1,8.05,48,0.46,0,1
58458,42,11593,3,8,22.18,60,0.2,3,0
58921,45,11115,75,1,14.35,60,0.32,3,1
62801,26,16312,72,1,13.08,12,0.42,3,0
61383,18,1000,76,2,13.99,24,0.24,3,0
54217,46,10561,47,2,24.44,12,0.29,1,1
51563,39,15730,25,3,22.01,36,0.47,3,0
49061,33,9510,101,6,19.13,48,0.57,2,1
38690,58,5243,105,8,10.81,60,0.36,0,1
45789,68,6980,76,1,8.3,24,0.1,1,1
24605,61,8035,38,3,23.43,60,0.27,2,0
48524,68,6394,91,8,13.46,12,0.3,1,1
35171,58,9235,57,13,10.58,12,0.27,0,1
33446,24,17541,18,1,14.42,48,0.32,0,1
52698,31,7013,87,9,23.36,24,0.42,1,1
70880,46,7561,82,10,12.74,24,0.16,3,1
63774,36,12298,112,12,16.25,48,0.24,0,1
26442,36,9125,76,0,21.06,12,0.35,0,1
35155,19,3354,76,9,13.54,12,0.26,0,1
64111,58,9694,57,7,9.67,12,0.6,0,0
35262,62,9505,27,8,24.89,60,0.32,0,1
46630,32,14878,116,6,24.13,36,0.53,0,1
58250,20,5139,65,7,21.87,12,0.55,3,0
35474,28,14911,9,3,18.77,36,0.52,0,1
51580,63,9510,85,3,10.9,36,0.12,0,1
29989,47,4460,76,12,23.27,24,0.57,2,0
40979,57,3456,57,1,10.51,48,0.16,0,1
54796,35,19671,72,7,21.02,60,0.12,0,1
26105,68,9200,96,14,23.37,36,0.31,0,1
56607,65,14682,13,10,17.06,60,0.2,0,1
49705,19,1459,111,1,21.06,24,0.19,1,1
58287,49,23188,83,8,20.83,12,0.24,2,1
53358,25,14466,14,13,8.86,36,0.22,0,1
70462,39,8722,95,3,18.36,48,0.44,0,1
51878,23,8469,32,0,6.87,24,0.19,0,1
43558,29,13672,16,12,15.16,60,0.37,1,0
51834,64,13385,23,3,8.24,12,0.59,1,1
58149,57,10912,29,2,13.33,60,0.32,0,1
50732,53,10054,61,11,21.66,48,0.42,0,1
50608,32,12805,12,5,24.74,36,0.58,3,0
39470,45,1291,61,6,11.36,48,0.17,2,1
40056,69,8143,46,7,15.64,60,0.31,0,1
28960,66,1765,111,1,15.23,60,0.53,1,1
76243,62,13022,15,5,24.09,48,0.57,0,1
31342,35,6620,65,14,14.57,48,0.4,0,1
39606,19,2142,80,5,18.98,48,0.17,0,1
39223,30,6031,95,9,23.44,12,0.55,0,1
63423,62,10746,42,11,12.47,60,0.19,0,1
45575,32,8973,7,4,23.04,24,0.28,0,1
68716,37,4134,115,9,23.35,12,0.29,0,1
39897,46,1475,2,9,23.61,12,0.32,0,1
54184,59,10369,11,6,10.41,12,0.5,0,1
37469,46,7096,83,2,13.01,24,0.5,0,1
82177,20,8709,15,3,22.41,48,0.46,1,1
32186,36,9201,77,9,12.18,60,0.11,0,1
54647,20,12150,79,12,17.01,36,0.38,0,1
59506,31,14234,58,8,7.36,36,0.47,3,0
56206,57,10732,116,3,6.13,60,0.32,0,1
47220,21,8397,48,2,13.24,24,0.57,0,1
48052,69,10123,62,13,16.58,36,0.51,0,1
50657,28,8303,61,1,12.85,12,0.42,2,0
47794,48,1787,106,4,16.55,36,0.13,1,1
64458,60,15459,48,3,15.3,60,0.43,0,1
83157,49,14517,50,12,18.71,12,0.56,0,1
41637,44,19941,117,12,17.99,36,0.29,0,1
29452,47,21402,32,7,13.48,60,0.52,3,0
48675,60,4119,29,6,13.5,24,0.26,0,1
88695,19,8323,58,5,7.82,60,0.39,1,1
37944,66,22557,75,10,15.26,24,0.42,0,1
74586,26,9797,14,11,16.74,12,0.44,0,1
75165,45,11221,81,1,14.53,60,0.54,3,0
41696,48,2394,91,2,11.51,48,0.22,2,1
58534,51,10751,22,9,19.43,48,0.23,0,1
74425,32,19659,77,8,6.49,48,0.45,0,1
44313,65,16433,93,12,23.29,48,0.19,0,1
46946,42,6950,96,8,5.41,48,0.33,0,1
41274,53,8018,44,14,24.25,24,0.11,0,1
34778,25,4345,61,4,14.25,60,0.17,0,1
40260,26,5744,78,13,13.25,12,0.44,0,1
31640,54,1000,70,2,10.13,48,0.47,0,1
50511,65,9575,14,1,5.2,48,0.16,0,1
38450,62,17550,115,7,10.5,12,0.21,0,1
53506,56,11777,105,14,7.19,12,0.15,0,1
26661,49,16831,45,5,18.2,48,0.32,1,0
54963,69,15366,63,9,11.38,24,0.16,0,1
62502,34,7265,101,10,20.34,12,0.32,0,1
20093,52,6202,45,11,9.14,60,0.47,0,1
55610,54,6394,55,6,23.0,60,0.44,0,1
68415,36,1414,117,0,15.46,24,0.24,0,1
31855,61,10161,43,0,7.29,36,0.44,0,1
75088,46,1000,74,9,13.02,24,0.56,0,1
56285,24,12957,28,1,9.14,48,0.27,2,1
39424,45,10359,94,9,8.99,36,0.26,3,1
49163,26,12357,61,14,15.13,48,0.39,0,1
58374,45,15285,88,2,18.44,60,0.22,0,1
51140,23,10993,51,11,23.23,12,0.43,0,1
58081,46,18157,53,0,15.04,48,0.52,0,1
36189,34,13109,87,13,24.32,60,0.33,0,1
52540,33,6214,56,4,23.83,24,0.44,0,0
28794,40,8811,82,14,22.3,48,0.43,0,1
48331,48,1000,65,14,15.0,60,0.12,2,1
36441,20,5489,21,2,7.82,12,0.19,0,1
38967,38,8095,19,0,9.36,48,0.55,0,1
68541,43,12731,32,7,17.95,60,0.57,1,1
66369,53,6248,71,11,13.44,48,0.49,0,1
59137,59,3768,24,10,7.94,12,0.56,0,1
33615,54,1000,45,5,14.58,48,0.25,0,1
45253,39,7017,72,8,5.35,48,0.22,0,1
68196,59,19754,97,2,19.68,60,0.29,0,1
52125,29,11355,56,8,6.47,36,0.13,0,1
84789,59,14697,86,8,17.58,48,0.5,0,1
55899,30,5499,4,14,20.86,36,0.59,0,1
52880,28,2132,54,11,7.65,24,0.51,3,0
45363,33,3894,60,14,15.37,48,0.38,0,1
52003,25,9514,88,12,20.58,36,0.25,0,1
47712,57,1000,7,11,10.21,24,0.2,3,1
60621,57,4967,15,0,8.26,60,0.28,0,1
64350,62,7068,117,2,11.74,48,0.43,0,1
38210,19,3395,47,5,16.09,60,0.32,0,1
30031,47,1000,108,7,16.51,24,0.57,0,1
22456,47,11448,115,3,7.62,60,0.53,0,1
57619,29,10229,60,4,14.15,60,0.15,0,1
33449,27,13895,14,8,10.37,12,0.17,3,0
17706,61,4447,64,5,21.84,24,0.44,0,1
55828,28,13799,21,11,11.27,60,0.22,0,1
87394,32,17646,2,6,21.77,36,0.5,0,1
49908,33,11311,101,6,13.57,24,0.4,0,1
62577,34,6950,53,3,19.53,12,0.21,0,1
51227,43,10725,13,3,15.2,48,0.34,0,1
48516,19,6711,35,3,17.44,60,0.3,0,1
63786,67,5878,81,13,12.91,36,0.54,0,1
45645,29,13416,110,14,20.36,12,0.12,3,1
54010,68,9304,104,10,13.5,24,0.55,1,1
54825,43,16025,81,4,14.15,60,0.43,0,1
39978,40,7787,66,4,15.35,12,0.47,1,1
64880,35,8294,9,7,21.64,12,0.1,0,1
47375,49,7167,48,8,18.19,36,0.41,1,1
38663,66,4399,102,1,11.98,48,0.39,0,1
58047,55,14072,110,10,18.41,48,0.37,0,1
36522,64,20928,64,6,17.85,48,0.49,1,0
50422,20,8088,90,0,23.62,24,0.38,0,1
49863,55,6597,56,0,21.83,12,0.53,1,0
66288,20,6273,26,3,17.95,24,0.22,0,1
57120,47,6601,74,9,11.83,12,0.5,0,1
49624,18,18248,112,6,20.59,36,0.19,0,1
62266,47,6407,4,1,16.5,36,0.51,2,0
70853,62,7073,70,10,24.71,24,0.57,0,1
58367,49,3798,82,1,9.95,24,0.27,0,1
50155,45,11468,56,0,6.59,36,0.36,1,1
30322,38,9663,119,9,6.4,60,0.43,2,1
34023,63,4314,92,1,17.8,48,0.14,1,1
45421,30,5535,14,12,23.79,48,0.35,0,1
40857,44,17664,98,14,5.04,36,0.28,2,1
47195,53,10163,110,6,19.52,48,0.54,1,1
50849,24,10508,100,8,18.14,60,0.54,1,1
57945,39,10528,118,5,19.65,60,0.45,0,1
48942,27,16973,75,9,12.11,12,0.43,0,1
57297,56,4773,29,1,21.41,24,0.47,0,1
50967,32,8018,19,11,5.89,48,0.28,0,1
20368,32,9155,36,14,20.11,60,0.3,0,0
35909,21,1394,2,9,10.34,24,0.38,0,1
47838,49,5419,72,14,14.54,24,0.57,0,1
31854,40,15233,40,9,21.45,12,0.46,0,1
58998,23,13801,38,12,10.43,24,0.38,0,1
72961,41,14685,25,8,8.7,24,0.49,0,1
68281,37,7054,1,6,18.63,36,0.29,1,1
46798,54,7671,22,10,15.67,12,0.47,0,1
72360,37,1059,22,0,15.29,12,0.31,0,1
52230,29,14659,84,11,10.14,48,0.24,0,1
44943,50,15483,15,8,5.7,24,0.4,0,1
40798,45,15419,8,1,13.21,48,0.44,1,0
45462,25,18020,12,3,7.13,60,0.33,0,1
44177,18,12110,27,8,23.12,24,0.38,0,1
52556,54,17784,26,3,5.83,60,0.45,0,1
52408,39,8997,50,2,13.63,36,0.48,2,0
50045,23,1164,63,0,6.04,24,0.55,0,1
56554,38,14303,51,6,6.91,48,0.28,0,1
67859,49,1000,80,14,18.18,48,0.58,0,1
64243,52,10851,37,5,17.94,24,0.42,0,1
27726,32,14776,99,9,5.66,48,0.49,0,1
11691,22,11621,64,3,5.02,24,0.45,0,1
64014,63,21391,17,5,6.58,12,0.2,0,1
29496,67,1000,62,5,20.26,48,0.14,0,1
46628,65,9585,50,12,16.69,24,0.46,0,1
32448,23,10087,8,3,5.76,24,0.36,0,1
22970,42,3279,12,13,14.76,48,0.45,0,1
58121,63,4231,39,12,19.24,12,0.34,0,1
61387,57,5774,54,5,22.38,48,0.26,0,1
41352,46,4501,108,9,23.68,24,0.24,1,1
11134,24,9460,78,10,11.55,12,0.47,0,1
41806,57,6985,42,7,7.72,60,0.24,0,1
55877,30,11589,43,12,9.74,36,0.46,0,1
27816,55,13247,109,2,20.52,48,0.29,0,1
52750,35,12908,67,3,24.43,24,0.49,0,1
49770,19,7949,32,9,14.33,12,0.17,0,1
58689,25,11422,23,12,11.11,12,0.2,0,1
51793,28,15175,35,11,13.58,60,0.44,2,1
35403,50,12227,114,13,11.1,48,0.38,0,1
67948,55,19294,104,14,10.13,12,0.2,0,1
47622,65,14910,9,0,16.88,60,0.55,2,0
49590,44,18592,99,3,5.31,24,0.24,0,1
36000,37,1000,19,10,10.19,60,0.31,2,1
43350,29,10483,104,9,18.23,48,0.2,0,1
36727,60,8380,108,9,5.64,60,0.29,0,1
47405,48,9375,107,11,6.66,12,0.35,0,1
75675,44,5975,74,13,10.87,12,0.25,3,0
29421,49,11980,11,8,22.56,36,0.48,2,0
25796,27,1000,61,7,20.3,60,0.3,0,1
72067,20,12017,17,10,5.44,24,0.46,0,1
46860,62,6141,93,3,15.03,48,0.2,0,1
39963,44,7498,107,11,10.49,36,0.29,0,1
65598,52,12192,111,6,17.97,60,0.1,1,1
40915,48,10393,100,9,19.43,24,0.48,0,1
77390,32,15269,62,2,22.26,36,0.41,0,1
60168,33,5152,83,8,14.51,12,0.51,3,1
42681,30,9596,24,9,24.89,48,0.33,2,0
82359,66,14443,11,3,24.6,60,0.5,0,0
40914,52,11805,20,1,22.64,24,0.42,0,1
61131,69,12127,24,9,16.5,12,0.1,3,0
54489,28,15540,10,4,12.96,36,0.23,0,1
69526,38,7968,63,1,12.29,48,0.35,0,1
73422,68,6915,72,13,5.24,36,0.41,0,1
50480,28,12879,49,9,9.98,36,0.13,2,1
38698,47,9252,61,5,19.38,24,0.45,0,1
56899,65,15611,88,10,17.07,12,0.37,0,1
39834,52,11848,98,9,23.33,60,0.36,0,1
80200,39,6883,115,0,6.0,24,0.25,2,1
52048,55,11691,95,13,8.11,48,0.4,1,1
44520,48,5486,48,5,20.78,36,0.11,1,1
52770,31,14734,13,3,12.17,48,0.13,0,1
29793,41,3014,0,2,7.37,24,0.47,2,0
35425,67,16110,80,1,24.93,24,0.26,1,1
68006,66,11604,24,6,20.75,60,0.27,1,1
40146,49,9177,58,8,13.17,36,0.2,3,1
34296,53,13816,71,11,21.47,24,0.32,0,1
58049,49,12556,68,2,18.61,48,0.13,0,1
67785,32,16651,4,5,20.8,60,0.25,2,1
60784,60,16605,104,8,21.3,48,0.36,1,1
64940,52,11761,98,1,6.69,36,0.33,0,1
38648,20,5641,18,6,17.46,60,0.6,0,1
28672,33,7292,22,4,5.14,60,0.29,0,1
72520,22,9641,8,4,5.87,60,0.29,0,1
45159,38,15408,117,10,23.08,12,0.35,0,1
46237,27,7718,93,6,15.55,60,0.2,2,1
69922,36,8135,49,8,19.72,48,0.54,0,1
58343,42,19241,15,3,21.77,48,0.39,0,1
56838,21,9478,32,8,23.99,36,0.2,0,1
82475,46,6826,1,14,22.39,24,0.5,0,1
40347,36,13883,13,13,14.67,24,0.12,0,1
63917,60,9719,109,12,11.72,12,0.59,0,1
50855,19,3052,0,10,8.09,60,0.53,0,1
54028,27,15204,89,9,13.01,12,0.39,0,1
72927,60,6264,57,8,12.33,36,0.16,0,1
57617,42,10217,88,12,16.19,36,0.21,0,1
58074,37,9659,15,3,18.31,24,0.24,0,1
66087,65,11150,78,2,24.57,36,0.22,0,1
44525,36,1000,89,1,19.57,60,0.35,2,1
37411,40,8324,46,8,17.87,48,0.57,0,1
34327,41,15624,43,11,11.7,36,0.32,1,0
20504,28,16327,79,1,5.69,12,0.43,0,0
80843,63,5043,13,5,10.76,60,0.44,1,1
33451,51,14602,92,4,20.37,36,0.54,0,1
46681,45,6192,23,13,9.11,36,0.12,0,1
45847,22,8127,110,4,19.24,60,0.3,0,1
54611,22,8390,54,3,16.6,36,0.49,0,1
62236,68,10544,14,5,8.44,48,0.51,0,1
62907,38,15006,82,4,10.23,24,0.56,0,1
41253,29,11322,71,10,14.93,60,0.45,2,1
47493,67,9369,33,3,13.37,12,0.22,0,1
54238,21,14836,1,12,20.57,36,0.35,0,1
46269,66,5986,26,8,19.69,24,0.12,0,1
74110,59,9613,73,12,16.49,12,0.42,2,1
57364,37,14978,98,5,21.45,12,0.38,0,1
61023,55,12646,86,10,16.25,48,0.43,0,1
59943,42,7668,112,9,24.29,24,0.57,0,1
67602,31,2435,71,9,9.34,60,0.44,0,1
52715,28,11554,91,12,19.28,24,0.26,1,1
30547,49,2106,22,9,12.4,24,0.2,2,1
55995,28,8937,67,12,10.58,12,0.53,0,1
40229,35,15894,13,2,8.61,48,0.2,0,1
42070,44,12983,62,9,16.05,48,0.18,0,1
58795,35,1000,116,5,9.31,24,0.2,0,1
68574,40,11002,105,13,9.01,24,0.35,0,1
50319,28,8404,92,0,24.81,36,0.16,0,1
54632,38,3631,64,4,21.03,12,0.57,0,1
75533,61,11675,67,9,19.97,60,0.58,1,1
53611,22,7541,62,5,20.88,60,0.59,0,1
89025,40,7572,95,14,24.38,48,0.12,3,1
58482,58,10620,96,10,16.47,12,0.57,1,0
23588,42,6870,112,7,9.4,48,0.6,1,1
61300,58,10478,89,10,22.24,60,0.57,0,1
55717,27,7033,80,14,19.85,24,0.44,2,0
69346,39,7307,102,14,13.29,12,0.45,1,1
60097,36,14964,86,8,14.47,12,0.16,0,1
47923,18,15473,63,10,13.23,36,0.54,0,1
31635,24,1456,31,2,23.6,24,0.13,0,1
46864,21,13735,115,1,11.87,24,0.26,3,1
37242,18,16992,78,12,24.27,48,0.6,2,0
41292,32,17786,12,3,23.21,12,0.31,2,0
58828,57,12601,65,7,17.61,48,0.17,1,1
75048,29,4713,18,10,16.6,24,0.58,0,1
55920,39,13149,23,7,12.4,36,0.59,0,1
32061,39,5653,108,2,5.37,12,0.19,0,1
56669,67,8285,87,3,7.55,24,0.53,0,1
67949,64,11915,10,2,20.08,36,0.3,0,0
40853,34,5976,58,9,14.43,60,0.29,2,1
47989,46,4267,85,1,8.0,24,0.23,3,1
50220,63,12328,14,3,10.28,60,0.12,0,1
38226,31,19336,9,5,23.96,48,0.23,0,1
59724,67,16216,40,10,12.34,60,0.13,0,1
48185,37,13535,26,13,23.15,24,0.56,0,0
56292,67,14895,59,10,11.09,60,0.43,0,1
36687,65,13188,72,4,15.86,12,0.54,0,1
43438,50,12249,51,2,5.41,24,0.46,2,0
60835,60,14493,27,1,15.44,36,0.17,1,1
44407,32,3158,64,8,17.74,60,0.57,1,1
75904,29,10997,16,14,9.69,12,0.55,0,1
44005,57,9595,94,0,16.58,48,0.27,0,1
53370,37,10394,43,8,17.94,48,0.16,0,1
63988,47,7693,9,0,18.74,60,0.45,1,1
28724,55,12602,62,14,20.53,48,0.46,2,1
23587,20,5910,100,13,11.23,36,0.55,0,1
27115,45,7330,92,6,16.36,24,0.13,1,1
68938,43,6730,81,5,24.63,12,0.17,0,1
41722,47,14319,46,6,22.96,60,0.4,0,1
88372,30,9941,37,14,24.05,48,0.41,1,1
41536,30,7695,102,2,12.72,24,0.12,1,1
52768,19,8132,112,13,20.74,36,0.3,0,1
73131,54,10019,69,2,17.4,48,0.39,0,1
80091,66,18110,103,12,6.65,48,0.47,0,1
80922,55,3817,75,10,21.48,12,0.26,0,1
68125,19,13377,52,0,18.54,36,0.34,2,0
65360,53,12359,77,3,8.98,36,0.51,0,1
58887,43,5585,43,11,6.59,60,0.58,0,1
61675,28,17334,118,1,21.74,12,0.22,0,1
41732,25,12696,73,9,6.58,60,0.23,3,1
37727,61,7461,53,7,6.83,12,0.57,1,1
49949,57,1000,19,2,13.55,36,0.3,1,1
47447,60,11145,78,6,7.7,12,0.46,0,1
43201,39,9776,30,6,23.27,12,0.41,2,1
60445,37,4846,6,11,14.41,12,0.24,0,1
64329,25,4781,57,8,16.38,24,0.43,0,1
51326,46,14342,104,5,23.56,24,0.43,3,1
72162,57,1000,9,0,15.61,36,0.4,0,1
32874,43,11571,9,7,12.07,12,0.15,0,1
47095,47,9062,111,0,20.94,36,0.6,0,1
39247,34,12485,38,2,13.86,24,0.3,0,1
22001,37,8528,27,10,11.37,12,0.42,0,1
48759,69,11466,29,4,19.46,60,0.54,2,0
48173,33,6286,36,7,21.03,24,0.31,0,1
72701,63,9753,118,8,20.83,24,0.49,0,1
59462,60,12445,66,14,24.55,24,0.59,2,0
34637,24,10754,113,6,20.73,12,0.28,3,0
77811,33,11901,42,8,20.4,48,0.3,0,1
68315,62,5360,78,10,22.15,60,0.55,0,1
58731,64,7046,84,2,5.0,60,0.18,0,1
46602,65,7133,51,12,12.25,36,0.11,0,1
35608,44,8617,100,4,19.75,12,0.55,0,1
44416,40,16792,55,9,16.99,24,0.51,0,1
66331,41,8229,75,7,8.55,48,0.59,0,1
78268,26,4282,67,11,11.07,12,0.13,0,1
73148,52,12708,110,0,11.74,12,0.18,0,1
42667,68,16733,8,7,16.36,48,0.15,0,1
33205,37,3693,102,6,21.63,24,0.44,0,1
52113,54,19864,105,0,23.65,12,0.4,0,1
23473,59,12075,91,12,20.0,60,0.28,0,1
54847,34,15169,22,12,21.86,60,0.13,0,1
47785,64,17335,62,9,14.4,48,0.42,0,0
43009,48,14863,108,11,12.8,24,0.39,1,1
26079,25,9447,60,9,12.85,48,0.16,0,1
57704,32,16088,39,14,17.32,12,0.55,0,1
42009,48,11272,43,11,7.48,60,0.2,0,1
32451,47,15452,85,5,16.59,36,0.47,0,1
10000,63,15999,23,0,18.3,48,0.54,1,0
49587,37,4545,50,1,13.78,36,0.39,0,1
76583,56,13971,57,4,24.06,36,0.22,0,1
74918,29,9090,89,1,17.16,60,0.25,0,1
43143,66,10690,93,13,9.4,48,0.54,3,1
40966,34,10635,32,9,14.58,36,0.25,1,1
57031,59,10434,15,0,18.51,12,0.47,0,0
35024,47,17617,21,5,11.47,24,0.6,0,1
54526,46,3167,112,7,6.59,24,0.6,3,1
61491,36,1388,56,7,16.67,60,0.37,3,0
68403,63,1000,61,12,23.96,48,0.51,0,1
48497,28,15345,113,12,14.7,48,0.6,0,1
46944,51,6132,106,7,23.12,24,0.29,0,1
36830,67,10660,81,10,21.7,12,0.23,0,1
37596,24,9426,70,5,7.95,24,0.16,0,1
46602,61,5568,113,10,19.16,24,0.17,0,1
55510,51,14257,89,2,13.71,48,0.53,2,1
63703,37,9362,71,0,10.0,36,0.39,0,1
37952,67,8811,69,1,18.74,12,0.54,1,1
72390,55,11164,29,4,19.85,48,0.49,0,1
45933,41,13603,102,12,8.6,24,0.44,1,1
49679,27,5205,22,9,23.29,36,0.4,0,1
38791,49,14364,31,4,20.02,12,0.12,0,1
13636,69,17249,85,9,23.67,60,0.54,0,0
63260,32,2869,105,13,11.34,12,0.31,0,1
61052,54,11391,106,0,23.79,12,0.38,2,1
45780,37,8475,56,0,12.37,24,0.11,0,1
51004,20,13496,108,14,6.08,24,0.57,0,1
57739,54,3916,8,8,20.26,60,0.55,0,0
26561,57,18144,30,1,19.07,60,0.37,2,0
42064,25,1960,70,6,16.96,60,0.39,0,1
61913,57,8778,8,9,14.8,48,0.45,0,1
31185,61,12171,12,3,5.64,48,0.23,0,1
54403,40,6568,57,6,17.49,24,0.21,0,1
29651,57,5782,2,7,13.34,24,0.44,2,0
56996,28,11111,34,4,16.2,60,0.15,0,1
49465,63,10388,96,12,13.59,48,0.33,0,1
25773,25,10029,20,11,24.32,36,0.35,0,1
67471,46,14293,63,11,17.08,48,0.29,0,1
38981,47,8027,94,0,19.98,24,0.19,0,1
37846,27,11597,51,3,23.73,48,0.28,0,0
53008,56,7466,33,9,16.83,24,0.27,0,1
67229,45,5753,95,2,5.24,60,0.35,0,1
34762,66,8576,34,9,5.69,60,0.44,0,1
50925,53,7506,14,14,19.05,60,0.58,0,1
56432,30,7755,119,11,10.58,36,0.17,0,1
60396,49,15826,95,4,16.59,36,0.54,1,1
52646,53,8729,5,9,9.05,24,0.24,1,1
44494,54,6685,108,12,10.4,12,0.4,0,1
37586,43,10140,84,9,15.09,36,0.37,0,1
51292,39,10521,96,12,24.51,24,0.38,0,1
33917,21,4065,31,5,17.33,48,0.46,3,0
10000,48,8507,51,1,23.72,60,0.29,1,0
56548,35,8306,82,6,24.19,60,0.26,0,1
63559,55,9139,96,12,9.16,60,0.53,0,1
14556,41,13627,27,2,11.22,24,0.21,0,1
34854,40,10683,94,14,20.4,60,0.19,0,1
59287,39,16139,84,0,22.34,36,0.11,1,1
80862,19,9941,117,9,15.38,48,0.21,0,1
50311,48,18880,97,2,24.86,60,0.36,2,0
39079,28,7696,63,8,5.23,24,0.37,0,1
47256,45,6152,78,9,10.99,48,0.23,0,1
70623,63,12736,77,10,17.46,60,0.14,0,1
40310,49,16820,18,10,14.39,12,0.47,0,1
38012,22,3105,106,14,7.33,60,0.48,2,1
42758,55,9015,14,5,12.36,36,0.6,0,1
35700,27,6946,5,10,5.51,48,0.55,0,1
51840,57,10714,115,5,17.85,36,0.56,0,1
74370,63,10050,72,3,22.85,12,0.5,0,1
54846,41,16726,100,14,22.7,12,0.41,0,1
46214,52,9457,83,7,18.99,36,0.16,3,0
45622,61,16873,97,4,14.32,48,0.41,0,1
26552,65,8424,37,6,15.24,12,0.13,0,1
63246,40,14632,25,8,7.74,12,0.54,2,1
48832,34,11143,81,12,11.82,60,0.34,0,1
47292,18,18649,91,12,8.75,24,0.45,0,1
97896,48,2614,118,13,21.42,12,0.13,0,1
54481,48,4180,50,4,23.3,48,0.37,0,1
38723,59,19158,72,10,15.74,48,0.25,3,0
43604,59,6333,95,13,19.56,60,0.24,0,1
67226,51,6650,52,4,7.43,48,0.29,0,1
51699,26,5621,55,13,17.17,60,0.1,0,1
28425,39,15742,58,3,19.06,12,0.33,0,0
63788,30,3732,69,5,14.06,12,0.34,0,1
39977,42,10112,77,1,9.87,12,0.53,0,1
78099,65,8671,91,2,22.55,12,0.32,1,1
66200,35,15182,57,0,19.86,24,0.28,0,1
43290,68,7181,87,1,23.0,24,0.6,0,1
69215,29,12076,12,1,21.37,12,0.39,0,1
51017,57,4143,42,7,24.81,48,0.34,0,1
62791,34,21369,75,7,8.84,60,0.35,0,1
57270,32,8802,50,1,6.73,36,0.5,0,1
37304,59,10043,18,12,11.74,60,0.27,0,1
40346,32,18273,20,13,7.58,36,0.29,0,1
65449,32,7066,90,5,15.46,36,0.48,0,1
44978,56,18336,82,14,17.66,12,0.14,0,1
43945,30,7942,23,4,16.57,36,0.53,0,1
35673,34,13358,25,2,10.18,12,0.32,2,0
56353,49,7136,44,4,23.18,24,0.39,0,1
80937,26,3219,27,4,5.42,48,0.48,2,1
33987,57,12072,109,4,11.96,36,0.23,0,1
50363,37,13199,119,2,19.38,48,0.55,2,1
71183,43,3420,81,14,20.34,12,0.59,0,1
48805,44,8464,107,2,13.32,36,0.35,0,1
56785,38,16003,99,3,5.34,60,0.57,2,1
34064,35,13000,105,6,17.36,24,0.1,0,1
56424,30,8023,28,11,6.26,24,0.55,0,1
47192,33,7012,16,11,7.16,36,0.26,1,1
64785,26,19741,67,11,18.01,24,0.26,0,1
67810,29,2765,43,13,11.25,60,0.21,0,1
88843,61,9704,108,1,11.96,48,0.26,0,1
58694,55,2676,60,9,14.74,60,0.21,0,1
54886,36,16574,92,3,24.57,24,0.55,0,1
52915,24,9964,67,3,24.31,48,0.55,2,0
44702,52,10890,73,0,13.33,60,0.15,0,1
55077,65,23844,24,9,10.31,12,0.17,1,1
45568,35,7032,94,7,11.05,12,0.53,0,1
52526,33,18742,66,0,10.38,48,0.3,2,0
69763,56,8046,110,7,15.64,48,0.18,0,1
34901,21,8832,1,6,17.14,48,0.36,2,0
67098,42,23190,88,8,14.78,12,0.31,0,1
69756,49,9194,48,7,13.16,60,0.21,1,1
48228,57,3128,69,4,9.23,48,0.46,0,1
18172,30,11409,25,7,14.65,12,0.42,0,0
40882,62,9136,71,13,11.82,48,0.15,0,1
69454,34,11835,98,14,15.83,48,0.56,0,1
49656,66,9332,26,10,18.5,48,0.38,0,1
35010,54,21077,88,9,17.67,12,0.23,0,1
42428,23,12783,17,11,14.25,60,0.2,0,1
62609,36,4625,53,14,16.12,12,0.17,0,1
58201,30,10622,0,11,10.7,12,0.31,0,1
46416,43,6001,60,2,5.48,48,0.17,0,1
44497,31,8761,111,14,17.5,36,0.31,1,1
44123,48,5447,102,9,10.05,36,0.17,2,1
36163,21,20535,2,6,18.38,36,0.43,0,0
74230,56,6543,118,11,19.94,12,0.49,0,1
45165,25,13437,67,3,23.32,48,0.37,0,1
68257,42,8382,40,4,24.16,36,0.44,1,0
72819,30,4207,36,8,5.21,24,0.57,0,1
64974,49,10988,50,6,24.81,24,0.42,0,1
43525,55,12003,14,3,18.66,24,0.28,0,1
56055,55,12793,7,5,17.87,60,0.32,1,1
49637,45,1000,37,9,5.3,48,0.53,0,1
36444,47,3825,113,13,22.22,12,0.17,0,1
54865,20,14787,82,10,7.91,12,0.26,0,1
32314,45,5381,55,6,21.75,48,0.39,0,1
67815,20,11014,46,12,5.31,60,0.44,0,1
43030,62,3709,89,9,17.92,48,0.48,0,1
53017,51,13658,102,12,13.7,60,0.26,3,1
54249,33,14656,9,8,9.02,36,0.17,0,1
46116,39,13659,101,3,7.15,36,0.58,3,0
58800,49,15162,77,9,13.8,60,0.14,0,1
42876,55,17819,48,2,7.47,48,0.15,0,1
63069,25,4129,40,7,14.73,36,0.35,2,1
29810,25,6056,82,14,17.5,48,0.51,0,1
51895,23,14487,29,0,21.55,36,0.49,0,1
79083,31,15651,4,8,18.57,48,0.57,2,0
34995,49,6628,118,12,6.3,48,0.17,0,1
39833,52,6280,94,0,11.15,24,0.29,0,1
57708,27,6738,70,1,10.76,60,0.24,2,1
52693,20,1974,82,12,23.3,12,0.53,0,1
55259,29,3642,30,7,22.36,60,0.34,0,1
57337,66,3763,51,8,12.4,48,0.11,1,1
59520,48,8529,102,6,6.42,48,0.45,0,1
66645,46,11354,87,2,22.88,60,0.29,0,1
56147,22,12167,97,6,22.76,48,0.37,1,1
46381,69,7457,22,5,22.09,36,0.55,0,1
60088,42,7580,47,1,21.9,48,0.23,1,1
78498,58,10618,108,2,14.61,60,0.22,2,1
48010,48,2519,39,10,8.55,60,0.23,0,1
35382,38,14797,5,12,14.55,60,0.27,0,1
66606,37,16426,37,11,14.89,24,0.15,0,1
48194,56,6872,40,12,14.8,24,0.45,0,1
17409,39,8007,99,9,15.78,24,0.2,2,1
62711,21,16216,26,9,10.15,24,0.56,0,1
41970,30,9384,74,12,12.32,24,0.21,0,1
48642,62,12941,68,11,13.68,24,0.23,0,1
54979,59,9538,56,14,7.62,24,0.25,1,1
52857,67,17781,16,4,14.11,60,0.48,0,0
60641,66,12450,115,9,21.21,12,0.31,1,1
43467,37,12738,70,3,21.56,24,0.51,0,1
57696,69,12831,90,1,13.23,60,0.49,1,1
46106,30,7224,46,3,15.38,12,0.56,0,1
61082,34,7683,78,11,5.67,24,0.48,0,1
59230,53,13846,109,7,18.49,12,0.13,2,1
35968,50,10632,12,4,13.09,12,0.52,0,0
66289,18,4111,10,4,13.91,36,0.57,0,1
41960,32,19365,108,12,22.47,48,0.6,2,0
62120,30,14890,89,11,14.24,36,0.16,0,1
55509,34,10188,85,11,5.42,12,0.41,0,1
77572,41,8632,91,9,9.55,60,0.2,0,1
46648,25,10993,23,2,14.51,24,0.23,2,1
44760,67,12587,92,12,13.49,48,0.47,0,1
49708,44,1000,72,7,22.21,24,0.59,0,1
45452,62,20561,105,5,15.84,60,0.4,0,1
61999,40,6050,3,1,18.79,48,0.53,0,1
25755,63,9990,112,1,14.39,36,0.1,1,1
34194,25,10174,45,8,13.79,12,0.12,0,1
33982,25,19984,119,12,13.93,60,0.4,0,1
64254,43,9559,17,6,13.22,12,0.29,0,1
75659,64,17942,42,9,15.77,12,0.54,0,1
48433,30,12033,79,8,10.01,24,0.25,3,1
47467,56,5190,32,13,22.82,60,0.32,0,1
51050,54,10673,92,5,11.66,12,0.36,0,1
67428,66,9407,102,14,7.95,36,0.24,0,1
36089,45,4579,9,4,6.93,48,0.55,1,1
53575,42,11788,72,11,5.27,60,0.33,0,1
64627,33,10110,58,0,13.46,24,0.31,0,1
57516,19,12782,30,11,8.75,60,0.52,2,1
52843,35,10966,27,5,5.43,24,0.26,1,1
65015,34,6744,59,5,15.4,48,0.51,1,1
10000,47,13841,2,2,18.6,36,0.16,0,0
60168,56,6878,117,2,6.72,12,0.19,2,1
40188,30,1000,54,14,14.22,60,0.58,0,1
22540,49,10643,13,2,19.87,24,0.52,0,0
57668,67,7229,57,2,24.72,48,0.29,0,1
70604,46,11910,88,6,18.34,12,0.42,0,1
47938,63,19994,14,9,9.9,48,0.57,2,0
64293,47,20138,1,10,19.33,36,0.21,0,0
74184,35,9174,23,1,16.96,12,0.13,1,1
69723,30,5867,77,9,9.24,12,0.37,1,1
74599,60,12923,63,12,22.02,12,0.17,0,1
61131,38,8148,111,9,13.55,24,0.19,1,1
51131,47,11958,70,1,24.24,12,0.55,0,1
25970,38,6695,99,2,19.46,48,0.1,0,1
46309,65,11253,113,9,17.89,24,0.51,2,1
37351,34,5940,23,11,19.57,12,0.36,0,1
82564,57,15921,26,6,14.56,48,0.38,0,1
47361,36,7050,36,2,15.1,48,0.44,0,1
51848,69,13305,101,6,22.02,60,0.32,2,1
58272,32,3676,93,8,18.62,48,0.16,0,1
50654,26,13905,90,10,22.94,36,0.15,0,1
75425,69,5168,38,9,22.82,12,0.48,0,1
40660,27,11305,62,11,24.53,12,0.21,1,1
52919,61,15116,78,14,19.0,12,0.11,0,1
38862,48,9000,25,10,15.05,48,0.59,0,1
30199,40,4854,64,3,8.33,48,0.59,0,1
40823,69,12484,119,6,19.11,12,0.29,0,1
49444,47,5795,3,8,10.83,24,0.11,0,1
43560,50,7978,28,13,10.66,24,0.46,0,1
39613,69,11327,0,7,9.77,36,0.52,0,0
28905,26,16803,106,7,22.5,60,0.16,0,1
48753,64,10132,49,8,22.36,36,0.17,0,1
27429,18,10114,109,13,17.62,12,0.51,0,1
61400,61,13687,85,4,14.46,12,0.56,0,1
51236,52,10251,10,13,18.44,12,0.5,0,1
28136,28,13177,73,4,17.14,60,0.2,0,1
45361,51,15392,58,2,13.31,48,0.31,0,1
38717,33,8361,61,4,12.59,60,0.4,0,1
54787,26,1000,80,7,12.66,36,0.18,0,1
70106,49,5910,35,11,16.78,48,0.21,0,1
21872,32,16043,55,4,17.95,48,0.24,0,1
51725,29,9831,110,3,14.03,36,0.35,3,1
47598,50,8304,89,7,24.37,48,0.36,0,1
60070,62,15833,111,6,6.68,24,0.51,2,1
53197,31,9493,20,14,11.94,36,0.48,0,1
38720,25,1000,12,13,13.38,36,0.56,0,1
45214,25,2473,8,13,5.34,24,0.52,1,1
38059,44,12093,10,5,12.3,60,0.23,0,1
66140,29,9665,74,4,10.47,60,0.27,0,1
50319,18,17273,69,13,15.12,60,0.35,3,1
78517,60,6333,0,4,11.73,48,0.11,0,1
49090,57,8452,117,12,19.52,24,0.55,0,1
39373,59,5577,69,9,15.2,36,0.12,0,1
27294,68,7397,76,1,7.6,36,0.26,2,1
22952,28,1000,85,12,20.0,36,0.38,2,1
26237,56,8071,55,14,6.98,48,0.36,0,1
54006,60,9740,30,3,21.78,48,0.43,0,1
57630,48,9318,85,7,23.63,60,0.36,1,1
26282,34,20747,36,7,11.45,48,0.21,0,1
63425,50,19167,46,10,23.52,60,0.2,0,1
42754,49,6245,90,0,20.86,60,0.55,0,1
52201,46,1000,113,1,23.45,36,0.23,0,1
74183,38,9503,115,4,18.33,48,0.24,0,1
63452,38,11882,77,8,9.71,60,0.31,2,1
45972,57,5697,46,9,22.89,24,0.17,1,1
36632,40,5945,68,10,8.69,24,0.35,0,1
17722,23,17912,57,11,9.26,48,0.43,0,0
39212,39,8712,35,12,10.42,36,0.49,0,1
46833,67,13311,31,10,11.08,36,0.46,0,1
35192,55,5348,97,6,15.29,60,0.17,0,1
48031,54,9715,63,9,19.27,48,0.33,0,1
51152,62,8318,70,4,23.52,24,0.12,0,1
46627,68,6623,41,0,6.77,60,0.11,0,1
40249,25,15776,47,14,24.09,60,0.32,0,1
52529,58,3055,73,14,23.43,12,0.23,0,1
56629,66,11500,113,5,6.08,48,0.44,0,1
33644,52,8224,80,11,12.21,60,0.46,0,1
71163,68,12074,29,7,21.26,24,0.55,1,1
48521,28,8292,20,6,17.23,12,0.48,1,1
50282,41,14335,59,1,20.58,24,0.12,0,1
60623,66,5301,12,11,19.38,36,0.29,0,1
53498,38,15787,0,4,14.94,12,0.24,0,1
64297,68,9855,64,13,5.82,12,0.29,0,1
54306,19,3357,110,10,16.69,60,0.18,0,1
40813,57,13401,32,3,5.97,36,0.15,3,1
55422,36,9005,37,8,17.07,60,0.36,0,1
32844,56,1460,24,9,21.01,48,0.46,0,1
51628,45,11662,25,0,16.7,24,0.45,0,0
49501,34,15032,76,11,24.94,24,0.33,0,1
46878,23,16410,58,5,14.12,60,0.36,0,1
48071,36,8108,91,2,19.98,24,0.36,0,1
21772,55,10726,32,10,18.34,24,0.45,0,0
41769,45,10252,100,8,24.83,48,0.12,0,1
51392,19,17449,40,4,19.26,36,0.45,3,0
52397,55,5947,29,12,8.28,12,0.39,0,1
34584,54,7676,56,5,24.11,60,0.2,0,1
68985,68,5826,48,10,18.36,60,0.12,0,1
37007,69,2754,47,8,6.19,48,0.15,0,1
64541,21,11238,71,8,18.15,48,0.36,0,1
56407,39,18006,48,7,22.66,12,0.48,0,1
40306,43,9007,46,8,16.54,36,0.27,0,1
76629,66,5590,55,3,12.08,60,0.29,0,1
32095,60,10934,64,5,21.42,48,0.57,0,1
63787,53,12945,11,4,20.65,60,0.21,0,1
65008,30,9218,68,4,15.88,24,0.15,0,1
39940,69,17017,87,3,8.09,60,0.27,0,1
70886,49,5938,5,1,10.02,36,0.47,0,1
46249,34,8565,88,11,19.77,36,0.41,0,1
54330,58,11479,64,5,21.12,60,0.31,0,1
53904,53,11964,24,8,10.59,24,0.58,0,1
47985,63,10236,0,11,12.36,36,0.47,3,0
62162,36,3607,31,0,6.55,48,0.13,0,1
61902,52,21690,105,13,19.27,60,0.47,3,0
23772,63,8820,105,6,5.07,24,0.11,0,1
69565,57,10551,2,5,5.93,48,0.43,0,1
25062,45,13083,48,2,5.09,60,0.21,0,1
65488,18,6817,18,0,17.91,24,0.45,0,1
66900,59,10284,59,12,13.35,48,0.25,0,1
33635,35,6614,106,3,10.95,36,0.54,0,1
43837,65,12077,28,14,23.25,60,0.27,3,0
33414,57,8619,49,13,8.86,60,0.41,0,1
46776,50,11343,1,8,12.79,36,0.24,0,1
45379,29,4767,72,14,23.81,12,0.56,1,1
61694,25,5855,55,1,13.54,48,0.49,1,1
69654,41,3174,16,2,16.09,36,0.22,0,1
70935,33,6447,59,1,6.61,60,0.57,0,1
41567,67,1000,109,13,20.8,48,0.28,0,1
46861,21,8464,35,1,13.46,48,0.43,0,1
24748,55,7328,60,9,21.01,12,0.47,0,1
37911,61,10754,16,10,10.08,60,0.11,0,1
64472,44,10223,48,10,13.45,24,0.58,0,1
74233,26,16285,75,7,20.73,12,0.27,2,0
31484,64,22971,59,2,24.48,12,0.19,2,0
41113,33,15687,19,6,6.19,24,0.53,0,1
49603,29,7734,49,7,21.25,24,0.45,0,1
54202,48,7533,2,2,11.01,12,0.14,0,1
37855,41,14343,42,1,16.01,48,0.16,0,1
56360,31,1583,56,12,10.8,36,0.46,0,1
42892,62,8423,49,12,17.27,36,0.14,2,1
49783,42,8809,67,7,12.08,12,0.56,0,1
58194,51,12920,80,2,11.67,48,0.47,0,1
50096,20,13069,49,6,5.76,24,0.27,0,1
43454,41,6277,36,11,7.94,12,0.28,3,1
48355,59,7928,45,0,23.34,60,0.35,2,1
48674,26,12225,41,13,24.97,48,0.28,1,1
44449,43,6005,14,14,20.61,60,0.49,0,1
46118,37,16030,32,11,10.74,60,0.59,0,1
73979,57,13045,79,5,13.05,12,0.39,0,1
58413,27,10857,10,11,19.79,48,0.32,0,1
45567,36,11954,118,11,24.37,60,0.21,1,1
60454,20,7665,19,12,14.11,48,0.43,0,1
44992,41,6868,101,8,21.59,36,0.44,0,1
67596,22,7876,23,11,24.5,60,0.44,0,1
55544,20,12499,63,2,22.47,60,0.11,0,1
48390,44,11005,117,13,9.54,48,0.55,0,1
56715,33,7886,79,6,5.16,36,0.27,0,1
26436,66,13747,93,12,14.84,60,0.47,0,1
33098,32,9130,97,5,15.63,12,0.48,0,1
32091,52,6533,64,7,9.03,48,0.43,2,1
52144,29,11271,87,2,10.69,48,0.3,0,1
75987,58,4934,87,2,20.3,60,0.4,0,1
83469,61,1563,72,3,14.41,36,0.12,0,1
59570,43,9974,85,2,11.35,60,0.48,0,1
57512,64,6712,75,8,17.45,24,0.15,1,1
22984,51,8729,16,10,18.06,60,0.3,0,1
41859,40,5166,88,3,20.39,24,0.15,0,1
38183,48,16044,91,5,8.13,12,0.52,3,0
40687,67,6692,60,7,19.83,48,0.38,1,1
47477,37,7840,14,10,16.99,48,0.45,0,1
42918,29,11889,93,12,6.15,36,0.44,0,1
20310,40,3116,50,7,20.55,60,0.52,0,1
61218,21,2747,26,14,12.66,12,0.17,1,1
33908,40,11904,85,4,11.61,24,0.43,0,1
53588,65,7775,73,4,13.96,36,0.39,0,1
81111,65,5492,60,5,11.92,12,0.12,0,1
36209,18,13016,57,9,11.77,12,0.2,0,1
12045,42,5940,30,6,21.16,24,0.23,1,1
45709,19,8627,90,12,7.49,24,0.14,2,1
66514,47,5519,11,12,24.41,48,0.28,0,1
79375,20,11517,45,9,16.1,60,0.11,0,1
31556,38,16660,30,13,8.66,36,0.38,0,1
57450,42,1000,31,6,7.62,60,0.21,2,1
43020,37,10563,31,12,16.83,36,0.24,1,1
48410,66,14282,104,3,17.66,12,0.56,3,0
89665,69,7892,108,5,6.06,24,0.35,3,1
27455,39,4344,98,6,9.86,24,0.23,0,1
53806,38,12104,52,4,20.91,12,0.4,1,1
57015,50,15008,60,4,5.99,12,0.2,0,1
66286,69,14452,45,1,22.1,36,0.14,0,1
51469,55,11829,84,6,18.16,12,0.11,0,1
54620,32,10489,73,11,13.69,36,0.58,0,1
44125,63,5504,79,5,11.93,60,0.46,1,1
54036,69,14326,6,10,5.38,24,0.5,0,1
44852,32,14049,3,0,21.5,24,0.59,2,0
59323,63,4309,90,3,7.85,24,0.57,0,1
44455,42,11822,51,2,11.19,60,0.47,0,1
55656,38,13264,118,11,16.38,60,0.45,0,1
49561,41,14410,88,14,9.92,48,0.27,0,1
66890,22,9625,30,2,14.94,36,0.15,0,1
49229,23,5712,74,6,21.19,36,0.39,0,1
23404,66,7489,111,10,14.41,48,0.39,1,1
68928,60,4963,83,11,23.98,24,0.58,0,1
36414,65,9744,35,9,21.95,36,0.32,0,1
40193,61,8765,53,3,11.66,36,0.45,1,1
41065,64,20725,53,14,13.0,24,0.39,0,1
70616,40,14473,118,11,13.47,12,0.19,0,1
17964,21,14847,16,7,17.52,12,0.4,0,0
97066,44,12356,108,10,10.74,48,0.37,0,1
65840,35,8163,74,8,24.38,60,0.35,0,1
53348,38,8623,29,2,17.17,36,0.36,0,1
49176,45,9080,98,4,12.99,36,0.18,0,1
54283,52,10941,104,3,17.9,48,0.33,0,1
57816,39,11945,101,13,12.91,48,0.4,0,1
59678,57,10003,21,11,21.36,36,0.34,0,1
58334,40,8547,116,9,16.36,24,0.34,3,1
51343,20,7029,42,14,5.84,24,0.14,0,1
47039,57,3036,111,5,8.54,60,0.2,0,1
47730,67,16416,114,10,22.3,36,0.26,2,1
47076,27,21027,26,9,16.26,36,0.31,1,0
67006,42,15996,36,3,24.01,36,0.4,1,1
58903,69,3704,45,7,6.45,36,0.53,3,1
10000,66,13935,112,2,10.91,48,0.18,0,1
59838,25,15118,34,10,8.87,12,0.11,0,1
52921,28,7982,3,4,16.08,36,0.32,0,1
49719,22,12444,79,12,12.66,12,0.32,0,1
44172,62,7718,79,0,8.15,24,0.38,0,1
66861,54,17644,84,12,17.86,60,0.52,0,1
64212,62,11826,25,14,15.73,24,0.5,1,1
38406,55,5414,99,5,10.49,36,0.15,0,1
56105,46,13349,18,10,14.6,24,0.57,0,1
35425,22,15293,80,4,19.91,48,0.16,0,1
29305,26,10990,44,7,9.11,12,0.42,0,1
40599,65,12397,25,8,10.86,36,0.44,1,0
62935,19,9651,21,7,11.92,48,0.44,3,0
64296,18,4328,118,7,19.93,12,0.23,1,1
57696,57,9241,57,11,21.94,48,0.27,0,1
60876,68,12615,62,13,12.53,24,0.37,2,1
57742,47,9359,119,12,10.93,36,0.2,0,1
40377,28,14003,27,2,22.79,24,0.11,1,1
56478,45,8039,64,3,24.99,60,0.38,0,1
62006,61,8367,43,14,18.41,36,0.33,0,1
61314,29,14155,99,10,24.8,24,0.43,3,0
67833,56,11109,42,3,18.2,36,0.17,0,1
60624,43,7941,36,14,19.67,12,0.52,1,0
55271,30,15169,65,14,12.77,36,0.17,0,1
66052,25,6556,16,13,13.66,36,0.55,1,1
49602,45,6365,39,10,7.88,12,0.32,3,1
36771,47,1000,37,4,21.46,24,0.37,0,1
47553,26,7230,84,12,23.62,36,0.55,0,1
38826,56,16543,60,8,17.47,48,0.25,0,1
